model,architecture,variant,prune_method,precision,params_M,size_MB,rank@1,rank@2,rank@3,rank@4,rank@5,auc,mAP,eer,tpr_at_fpr_1pct,tpr_at_fpr_5pct
deit3_base_lora-heads_0.10,DeiT3-B,LoRA,10% heads,FP32,84.7,317.2,0.5896,0.6379,0.6642,0.6829,0.7012,0.973356,0.642794,0.07779,0.809549,0.902092
deit3_base_lora-heads_0.10,DeiT3-B,LoRA,10% heads,FP16,84.7,158.9,0.5896,0.6376,0.6642,0.6832,0.7009,0.973353,0.642756,0.077772,0.809818,0.902629
deit3_base_lora-heads_0.10,DeiT3-B,LoRA,10% heads,INT8,84.7,82.0,0.5864,0.6341,0.6639,0.6813,0.6988,0.972884,0.640225,0.079131,0.80633,0.899946
deit3_base_lora-heads_0.25,DeiT3-B,LoRA,25% heads,FP32,80.4,300.6,0.5655,0.6202,0.6486,0.6711,0.6832,0.970358,0.622915,0.081009,0.791309,0.893777
deit3_base_lora-heads_0.25,DeiT3-B,LoRA,25% heads,FP16,80.4,150.7,0.5655,0.6202,0.6486,0.6706,0.6837,0.970355,0.622907,0.080825,0.791309,0.893777
deit3_base_lora-heads_0.25,DeiT3-B,LoRA,25% heads,INT8,80.4,77.8,0.5638,0.6188,0.6467,0.6668,0.6816,0.969832,0.621053,0.082618,0.78809,0.892704
deit3_base_lora-heads_0.50,DeiT3-B,LoRA,50% heads,FP32,73.3,273.6,0.5131,0.5687,0.5992,0.6231,0.6376,0.963845,0.573307,0.094421,0.756706,0.86132
deit3_base_lora-heads_0.50,DeiT3-B,LoRA,50% heads,FP16,73.3,137.1,0.5131,0.5687,0.5995,0.6231,0.6373,0.963849,0.573326,0.094421,0.756974,0.861052
deit3_base_lora-heads_0.50,DeiT3-B,LoRA,50% heads,INT8,73.3,71.0,0.5099,0.566,0.5968,0.6194,0.6336,0.963417,0.570376,0.094957,0.756706,0.859174
deit3_base_lora-blocks_3,DeiT3-B,LoRA,3 blocks,FP32,66.2,246.4,0.5464,0.5923,0.6178,0.6371,0.6518,0.966511,0.598698,0.089766,0.76073,0.878219
deit3_base_lora-blocks_3,DeiT3-B,LoRA,3 blocks,FP16,66.2,123.5,0.5464,0.5923,0.6175,0.6371,0.6521,0.966512,0.598679,0.089861,0.760193,0.878219
deit3_base_lora-blocks_3,DeiT3-B,LoRA,3 blocks,INT8,66.2,64.0,0.5443,0.592,0.6161,0.6363,0.6505,0.966286,0.597364,0.088788,0.758584,0.877682
deit3_base_kd-heads_0.25,DeiT3-B,KD CVLFace (α=0.7),25% heads,FP32,80.4,300.6,0.5676,0.6186,0.6489,0.6663,0.6821,0.970475,0.623145,0.0853,0.795869,0.884388
deit3_base_kd-heads_0.25,DeiT3-B,KD CVLFace (α=0.7),25% heads,FP16,80.4,150.7,0.5679,0.6188,0.6494,0.6666,0.6824,0.970482,0.623398,0.0853,0.795869,0.884388
deit3_base_kd-heads_0.25,DeiT3-B,KD CVLFace (α=0.7),25% heads,INT8,80.4,77.8,0.5646,0.6137,0.6459,0.6644,0.6789,0.969624,0.619889,0.087715,0.792918,0.88412
swin_base-heads_0.10,Swin-B,LoRA-source†,10% heads,FP32,87.1,327.2,0.4965,0.5585,0.5866,0.607,0.6223,0.95194,0.558234,0.110212,0.73471,0.844152
swin_base-heads_0.10,Swin-B,LoRA-source†,10% heads,FP16,87.1,164.8,0.4968,0.5585,0.5866,0.6065,0.6229,0.951938,0.558354,0.109834,0.73471,0.843616
swin_base-heads_0.10,Swin-B,LoRA-source†,10% heads,INT8,87.1,85.1,0.497,0.5558,0.5869,0.606,0.6237,0.951835,0.558186,0.109123,0.735247,0.843079
swin_base-heads_0.25,Swin-B,LoRA-source†,25% heads,FP32,83.4,312.6,0.4665,0.5252,0.5561,0.5773,0.5925,0.945614,0.528232,0.120172,0.707886,0.820011
swin_base-heads_0.25,Swin-B,LoRA-source†,25% heads,FP16,83.4,157.5,0.4662,0.5249,0.5566,0.5767,0.5933,0.945604,0.52811,0.120171,0.707082,0.820011
swin_base-heads_0.25,Swin-B,LoRA-source†,25% heads,INT8,83.4,81.2,0.4659,0.5236,0.5534,0.5754,0.5931,0.945513,0.527144,0.120976,0.706009,0.816792
swin_base-blocks_5,Swin-B,LoRA-source†,5 blocks,FP32,73.3,273.9,0.5748,0.6253,0.6545,0.6706,0.6872,0.967776,0.629017,0.08691,0.792382,0.88412
swin_base-blocks_5,Swin-B,LoRA-source†,5 blocks,FP16,73.3,137.9,0.5748,0.625,0.6548,0.6706,0.6875,0.967779,0.629001,0.086908,0.792918,0.88412
swin_base-blocks_5,Swin-B,LoRA-source†,5 blocks,INT8,73.3,71.2,0.5719,0.6293,0.6548,0.6727,0.6872,0.968049,0.628426,0.087447,0.791041,0.884925
swin_tiny_kd-heads_0.10,Swin-T,KD (α=0.7),10% heads,FP32,28.9,105.3,0.5051,0.5617,0.595,0.6172,0.632,0.961553,0.566297,0.096839,0.744367,0.857028
swin_tiny_kd-heads_0.10,Swin-T,KD (α=0.7),10% heads,FP16,28.9,53.2,0.5048,0.5617,0.5952,0.6167,0.632,0.961548,0.56616,0.097103,0.743562,0.85676
swin_tiny_kd-heads_0.10,Swin-T,KD (α=0.7),10% heads,INT8,28.9,27.8,0.5035,0.563,0.5933,0.6161,0.628,0.961921,0.565251,0.097908,0.742758,0.857296
swin_tiny_baseline-heads_0.10,Swin-T,Baseline,10% heads,FP32,27.09,105.3,0.4995,0.5558,0.5845,0.6046,0.6242,0.962623,0.560032,0.094956,0.739002,0.861856
swin_tiny_baseline-heads_0.10,Swin-T,Baseline,10% heads,FP16,27.09,53.2,0.4995,0.5561,0.5842,0.6046,0.6234,0.962622,0.560018,0.094958,0.739539,0.86132
swin_tiny_baseline-heads_0.10,Swin-T,Baseline,10% heads,INT8,27.09,27.8,0.4992,0.5555,0.5832,0.6027,0.6204,0.962474,0.55922,0.094421,0.737661,0.862393
swin_tiny_baseline-heads_0.25,Swin-T,Baseline,25% heads,FP32,26.05,101.2,0.4646,0.5263,0.5614,0.5837,0.5998,0.955466,0.530009,0.107467,0.712446,0.834764
swin_tiny_baseline-heads_0.25,Swin-T,Baseline,25% heads,FP16,26.05,51.2,0.4646,0.5258,0.5617,0.5845,0.5995,0.955465,0.529969,0.107542,0.712446,0.834496
swin_tiny_baseline-heads_0.25,Swin-T,Baseline,25% heads,INT8,26.05,26.7,0.4654,0.526,0.559,0.5829,0.6003,0.95554,0.529773,0.108637,0.709227,0.836105
swin_tiny_baseline-blocks_2,Swin-T,Baseline,2 blocks,FP32,23.96,93.1,0.544,0.5955,0.6266,0.6475,0.6671,0.969902,0.602786,0.085032,0.781652,0.889753
swin_tiny_baseline-blocks_2,Swin-T,Baseline,2 blocks,FP16,23.96,47.0,0.544,0.5955,0.6266,0.6475,0.6674,0.9699,0.602804,0.084876,0.781921,0.889753
swin_tiny_baseline-blocks_2,Swin-T,Baseline,2 blocks,INT8,23.96,24.6,0.5432,0.5923,0.6277,0.6491,0.665,0.969891,0.601813,0.085301,0.784067,0.890021
swin_tiny_kd_best-heads_0.10,Swin-T,KD Best (α=0.0),10% heads,FP32,27.09,105.3,0.4032,0.4413,0.4683,0.4839,0.4981,0.880397,0.450684,0.197961,0.439109,0.616416
swin_tiny_kd_best-heads_0.10,Swin-T,KD Best (α=0.0),10% heads,FP16,27.09,53.2,0.4037,0.4415,0.4681,0.4842,0.4981,0.880422,0.451011,0.197962,0.439109,0.61588
swin_tiny_kd_best-heads_0.10,Swin-T,KD Best (α=0.0),10% heads,INT8,27.09,27.8,0.4029,0.4442,0.4675,0.4852,0.4987,0.880183,0.451096,0.197425,0.438305,0.613466
swin_tiny_kd_best-heads_0.25,Swin-T,KD Best (α=0.0),25% heads,FP32,26.05,101.2,0.3801,0.4268,0.4536,0.4745,0.4898,0.884836,0.433854,0.190048,0.490343,0.646996
swin_tiny_kd_best-heads_0.25,Swin-T,KD Best (α=0.0),25% heads,FP16,26.05,51.2,0.3809,0.427,0.4536,0.4748,0.4898,0.884831,0.434312,0.190182,0.490343,0.647264
swin_tiny_kd_best-heads_0.25,Swin-T,KD Best (α=0.0),25% heads,INT8,26.05,26.7,0.3814,0.4238,0.4514,0.4724,0.4871,0.885082,0.433708,0.190182,0.490343,0.645386
swin_tiny_kd_best-blocks_2,Swin-T,KD Best (α=0.0),2 blocks,FP32,23.96,93.1,0.5829,0.6282,0.6526,0.6714,0.6864,0.967911,0.63329,0.085226,0.782457,0.88412
swin_tiny_kd_best-blocks_2,Swin-T,KD Best (α=0.0),2 blocks,FP16,23.96,47.0,0.5826,0.6285,0.6532,0.6717,0.6864,0.967917,0.633244,0.085033,0.782457,0.88412
swin_tiny_kd_best-blocks_2,Swin-T,KD Best (α=0.0),2 blocks,INT8,23.96,24.6,0.5832,0.628,0.6518,0.6725,0.6888,0.967987,0.633557,0.085303,0.783262,0.887876
deit3_small_baseline-heads_0.10,DeiT3-S,Baseline,10% heads,FP32,20.92,80.6,0.5644,0.6172,0.6467,0.6658,0.6792,0.972472,0.620573,0.08074,0.78809,0.892167
deit3_small_baseline-heads_0.10,DeiT3-S,Baseline,10% heads,FP16,20.92,40.7,0.5649,0.6167,0.6467,0.6658,0.6792,0.972466,0.620753,0.08074,0.78809,0.892167
deit3_small_baseline-heads_0.10,DeiT3-S,Baseline,10% heads,INT8,20.92,21.7,0.5646,0.6145,0.643,0.6623,0.6744,0.971716,0.618928,0.08235,0.784335,0.890021
deit3_small_baseline-heads_0.25,DeiT3-S,Baseline,25% heads,FP32,19.84,76.5,0.5515,0.6033,0.6341,0.6526,0.6677,0.97091,0.60832,0.081882,0.782189,0.888948
deit3_small_baseline-heads_0.25,DeiT3-S,Baseline,25% heads,FP16,19.84,38.6,0.552,0.6033,0.6344,0.6529,0.6674,0.970903,0.608619,0.081814,0.782189,0.888948
deit3_small_baseline-heads_0.25,DeiT3-S,Baseline,25% heads,INT8,19.84,20.7,0.5416,0.6006,0.6301,0.6505,0.6671,0.970395,0.602156,0.083798,0.779506,0.885193
deit3_small_baseline-blocks_2,DeiT3-S,Baseline,2 blocks,FP32,18.06,69.6,0.4981,0.5486,0.584,0.6076,0.6258,0.958129,0.55788,0.105955,0.717811,0.842811
deit3_small_baseline-blocks_2,DeiT3-S,Baseline,2 blocks,FP16,18.06,35.1,0.4981,0.5483,0.5834,0.6076,0.6261,0.958127,0.557808,0.105955,0.717811,0.842811
deit3_small_baseline-blocks_2,DeiT3-S,Baseline,2 blocks,INT8,18.06,18.9,0.4984,0.5504,0.5789,0.6014,0.618,0.958095,0.557178,0.104211,0.717543,0.841738
swin_base_baseline-heads_0.10,Swin-B,Baseline,10% heads,FP32,84.75,327.2,0.4874,0.5496,0.5823,0.6078,0.6247,0.961415,0.553408,0.097371,0.751341,0.859979
swin_base_baseline-heads_0.10,Swin-B,Baseline,10% heads,FP16,84.75,164.7,0.4874,0.5504,0.5823,0.607,0.6247,0.961413,0.553522,0.097371,0.751341,0.859979
swin_base_baseline-heads_0.10,Swin-B,Baseline,10% heads,INT8,84.75,85.1,0.4877,0.5477,0.581,0.6041,0.6237,0.961205,0.553006,0.097639,0.750268,0.858637
swin_base_baseline-heads_0.25,Swin-B,Baseline,25% heads,FP32,81.0,312.7,0.4541,0.5169,0.5528,0.574,0.5931,0.954447,0.521455,0.107296,0.726127,0.840397
swin_base_baseline-heads_0.25,Swin-B,Baseline,25% heads,FP16,81.0,157.5,0.4541,0.5169,0.5528,0.574,0.5933,0.954441,0.521476,0.107329,0.726395,0.840397
swin_base_baseline-heads_0.25,Swin-B,Baseline,25% heads,INT8,81.0,81.2,0.4528,0.5172,0.5515,0.5746,0.5896,0.953782,0.520396,0.107339,0.721298,0.839056
swin_base_baseline-blocks_5,Swin-B,Baseline,5 blocks,FP32,70.95,273.9,0.5528,0.6041,0.6352,0.655,0.6727,0.96849,0.610738,0.086373,0.7897,0.884388
swin_base_baseline-blocks_5,Swin-B,Baseline,5 blocks,FP16,70.95,137.9,0.5534,0.6041,0.6355,0.6553,0.673,0.96849,0.611059,0.086374,0.789968,0.88412
swin_base_baseline-blocks_5,Swin-B,Baseline,5 blocks,INT8,70.95,71.2,0.5542,0.6073,0.6328,0.6572,0.6736,0.968721,0.611845,0.086693,0.786212,0.884925
deit3_base_kd_best-heads_0.10,DeiT3-B,KD Best (α=0.1),10% heads,FP32,82.94,317.2,0.5928,0.6438,0.6711,0.6902,0.7071,0.974435,0.647304,0.075912,0.810354,0.901019
deit3_base_kd_best-heads_0.10,DeiT3-B,KD Best (α=0.1),10% heads,FP16,82.94,158.9,0.5928,0.6443,0.6709,0.6899,0.7068,0.974442,0.647352,0.075899,0.810354,0.900751
deit3_base_kd_best-heads_0.10,DeiT3-B,KD Best (α=0.1),10% heads,INT8,82.94,82.0,0.5907,0.6414,0.6668,0.6867,0.7028,0.97385,0.644778,0.076985,0.812232,0.899946
deit3_base_kd_best-heads_0.25,DeiT3-B,KD Best (α=0.1),25% heads,FP32,78.61,300.6,0.5652,0.6212,0.651,0.669,0.6835,0.971678,0.623287,0.082349,0.798283,0.894582
deit3_base_kd_best-heads_0.25,DeiT3-B,KD Best (α=0.1),25% heads,FP16,78.61,150.7,0.5655,0.6212,0.6508,0.6693,0.6835,0.971679,0.62343,0.08235,0.798283,0.894582
deit3_base_kd_best-heads_0.25,DeiT3-B,KD Best (α=0.1),25% heads,INT8,78.61,77.8,0.5657,0.6191,0.6481,0.6658,0.6805,0.971197,0.622566,0.082709,0.796674,0.89324
deit3_base_kd_best-blocks_3,DeiT3-B,KD Best (α=0.1),3 blocks,FP32,64.43,246.4,0.5491,0.5979,0.6263,0.6457,0.6626,0.967489,0.603775,0.093079,0.767436,0.873391
deit3_base_kd_best-blocks_3,DeiT3-B,KD Best (α=0.1),3 blocks,FP16,64.43,123.5,0.5491,0.5982,0.6266,0.6454,0.6626,0.967488,0.6038,0.093079,0.767436,0.873659
deit3_base_kd_best-blocks_3,DeiT3-B,KD Best (α=0.1),3 blocks,INT8,64.43,64.0,0.5477,0.599,0.628,0.6451,0.6604,0.967072,0.602959,0.093348,0.767167,0.87044
