model,resolution,category,gmacs,pct_of_total
swin_tiny_patch4_window7_224,64,ffn_mlp,0.2265,53.16
swin_tiny_patch4_window7_224,64,attention_qkv,0.1244,29.19
swin_tiny_patch4_window7_224,64,attention_proj,0.0415,9.73
swin_tiny_patch4_window7_224,64,downsample,0.0144,3.37
swin_tiny_patch4_window7_224,64,patch_embed,0.0013,0.31
swin_tiny_patch4_window7_224,64,norm,0.0012,0.28
swin_tiny_patch4_window7_224,64,attention_other,0.0000,0.00
swin_tiny_patch4_window7_224,64,other,0.0000,0.00
swin_tiny_patch4_window7_224,64,head,0.0000,0.00
swin_tiny_patch4_window7_224,96,ffn_mlp,0.5096,59.16
swin_tiny_patch4_window7_224,96,attention_qkv,0.2141,24.86
swin_tiny_patch4_window7_224,96,attention_proj,0.0714,8.29
swin_tiny_patch4_window7_224,96,downsample,0.0323,3.75
swin_tiny_patch4_window7_224,96,patch_embed,0.0029,0.34
swin_tiny_patch4_window7_224,96,norm,0.0027,0.31
swin_tiny_patch4_window7_224,96,attention_other,0.0000,0.00
swin_tiny_patch4_window7_224,96,other,0.0000,0.00
swin_tiny_patch4_window7_224,96,head,0.0000,0.00
swin_tiny_patch4_window7_224,128,ffn_mlp,0.9060,44.25
swin_tiny_patch4_window7_224,128,attention_qkv,0.7421,36.24
swin_tiny_patch4_window7_224,128,attention_proj,0.2474,12.08
swin_tiny_patch4_window7_224,128,downsample,0.0575,2.81
swin_tiny_patch4_window7_224,128,patch_embed,0.0052,0.25
swin_tiny_patch4_window7_224,128,norm,0.0047,0.23
swin_tiny_patch4_window7_224,128,attention_other,0.0000,0.00
swin_tiny_patch4_window7_224,128,other,0.0000,0.00
swin_tiny_patch4_window7_224,128,head,0.0000,0.00
swin_tiny_patch4_window7_224,160,ffn_mlp,1.4156,52.65
swin_tiny_patch4_window7_224,160,attention_qkv,0.8038,29.90
swin_tiny_patch4_window7_224,160,attention_proj,0.2679,9.97
swin_tiny_patch4_window7_224,160,downsample,0.0898,3.34
swin_tiny_patch4_window7_224,160,patch_embed,0.0081,0.30
swin_tiny_patch4_window7_224,160,norm,0.0074,0.27
swin_tiny_patch4_window7_224,160,attention_other,0.0000,0.00
swin_tiny_patch4_window7_224,160,other,0.0000,0.00
swin_tiny_patch4_window7_224,160,head,0.0000,0.00
swin_tiny_patch4_window7_224,224,ffn_mlp,2.7745,61.54
swin_tiny_patch4_window7_224,224,attention_qkv,1.0404,23.08
swin_tiny_patch4_window7_224,224,attention_proj,0.3468,7.69
swin_tiny_patch4_window7_224,224,downsample,0.1760,3.90
swin_tiny_patch4_window7_224,224,patch_embed,0.0160,0.35
swin_tiny_patch4_window7_224,224,norm,0.0145,0.32
swin_tiny_patch4_window7_224,224,attention_other,0.0000,0.00
swin_tiny_patch4_window7_224,224,other,0.0000,0.00
swin_tiny_patch4_window7_224,224,head,0.0000,0.00
swin_tiny_patch4_window7_224,256,ffn_mlp,3.6239,49.18
swin_tiny_patch4_window7_224,256,attention_qkv,2.4060,32.65
swin_tiny_patch4_window7_224,256,attention_proj,0.8020,10.88
swin_tiny_patch4_window7_224,256,downsample,0.2299,3.12
swin_tiny_patch4_window7_224,256,patch_embed,0.0208,0.28
swin_tiny_patch4_window7_224,256,norm,0.0189,0.26
swin_tiny_patch4_window7_224,256,attention_other,0.0000,0.00
swin_tiny_patch4_window7_224,256,other,0.0000,0.00
swin_tiny_patch4_window7_224,256,head,0.0000,0.00
swin_tiny_patch4_window7_224,384,ffn_mlp,8.1537,56.81
swin_tiny_patch4_window7_224,384,attention_qkv,3.8367,26.73
swin_tiny_patch4_window7_224,384,attention_proj,1.2789,8.91
swin_tiny_patch4_window7_224,384,downsample,0.5173,3.60
swin_tiny_patch4_window7_224,384,patch_embed,0.0469,0.33
swin_tiny_patch4_window7_224,384,norm,0.0426,0.30
swin_tiny_patch4_window7_224,384,attention_other,0.0000,0.00
swin_tiny_patch4_window7_224,384,other,0.0000,0.00
swin_tiny_patch4_window7_224,384,head,0.0000,0.00
swin_tiny_patch4_window7_224,512,ffn_mlp,14.4955,56.62
swin_tiny_patch4_window7_224,512,attention_qkv,6.8740,26.85
swin_tiny_patch4_window7_224,512,attention_proj,2.2913,8.95
swin_tiny_patch4_window7_224,512,downsample,0.9197,3.59
swin_tiny_patch4_window7_224,512,patch_embed,0.0834,0.33
swin_tiny_patch4_window7_224,512,norm,0.0757,0.30
swin_tiny_patch4_window7_224,512,attention_other,0.0000,0.00
swin_tiny_patch4_window7_224,512,other,0.0000,0.00
swin_tiny_patch4_window7_224,512,head,0.0000,0.00
swin_tiny_patch4_window7_224,768,ffn_mlp,32.6149,59.68
swin_tiny_patch4_window7_224,768,attention_qkv,13.3958,24.51
swin_tiny_patch4_window7_224,768,attention_proj,4.4653,8.17
swin_tiny_patch4_window7_224,768,downsample,2.0694,3.79
swin_tiny_patch4_window7_224,768,patch_embed,0.1876,0.34
swin_tiny_patch4_window7_224,768,norm,0.1703,0.31
swin_tiny_patch4_window7_224,768,attention_other,0.0000,0.00
swin_tiny_patch4_window7_224,768,other,0.0000,0.00
swin_tiny_patch4_window7_224,768,head,0.0000,0.00
swin_tiny_patch4_window7_224,1024,ffn_mlp,57.9821,58.69
swin_tiny_patch4_window7_224,1024,attention_qkv,24.9627,25.27
swin_tiny_patch4_window7_224,1024,attention_proj,8.3209,8.42
swin_tiny_patch4_window7_224,1024,downsample,3.6789,3.72
swin_tiny_patch4_window7_224,1024,patch_embed,0.3334,0.34
swin_tiny_patch4_window7_224,1024,norm,0.3028,0.31
swin_tiny_patch4_window7_224,1024,attention_other,0.0000,0.00
swin_tiny_patch4_window7_224,1024,other,0.0000,0.00
swin_tiny_patch4_window7_224,1024,head,0.0000,0.00
swin_small_patch4_window7_224,64,ffn_mlp,0.4530,58.91
swin_small_patch4_window7_224,64,attention_qkv,0.2093,27.22
swin_small_patch4_window7_224,64,attention_proj,0.0698,9.07
swin_small_patch4_window7_224,64,downsample,0.0144,1.87
swin_small_patch4_window7_224,64,norm,0.0019,0.25
swin_small_patch4_window7_224,64,patch_embed,0.0013,0.17
swin_small_patch4_window7_224,64,attention_other,0.0000,0.00
swin_small_patch4_window7_224,64,other,0.0000,0.00
swin_small_patch4_window7_224,64,head,0.0000,0.00
swin_small_patch4_window7_224,96,ffn_mlp,1.0192,62.17
swin_small_patch4_window7_224,96,attention_qkv,0.4052,24.72
swin_small_patch4_window7_224,96,attention_proj,0.1351,8.24
swin_small_patch4_window7_224,96,downsample,0.0323,1.97
swin_small_patch4_window7_224,96,norm,0.0043,0.26
swin_small_patch4_window7_224,96,patch_embed,0.0029,0.18
swin_small_patch4_window7_224,96,attention_other,0.0000,0.00
swin_small_patch4_window7_224,96,other,0.0000,0.00
swin_small_patch4_window7_224,96,head,0.0000,0.00
swin_small_patch4_window7_224,128,ffn_mlp,1.8119,40.88
swin_small_patch4_window7_224,128,attention_qkv,1.7826,40.22
swin_small_patch4_window7_224,128,attention_proj,0.5942,13.41
swin_small_patch4_window7_224,128,downsample,0.0575,1.30
swin_small_patch4_window7_224,128,norm,0.0077,0.17
swin_small_patch4_window7_224,128,patch_embed,0.0052,0.12
swin_small_patch4_window7_224,128,attention_other,0.0000,0.00
swin_small_patch4_window7_224,128,other,0.0000,0.00
swin_small_patch4_window7_224,128,head,0.0000,0.00
swin_small_patch4_window7_224,160,ffn_mlp,2.8312,50.70
swin_small_patch4_window7_224,160,attention_qkv,1.8442,33.02
swin_small_patch4_window7_224,160,attention_proj,0.6147,11.01
swin_small_patch4_window7_224,160,downsample,0.0898,1.61
swin_small_patch4_window7_224,160,norm,0.0120,0.21
swin_small_patch4_window7_224,160,patch_embed,0.0081,0.15
swin_small_patch4_window7_224,160,attention_other,0.0000,0.00
swin_small_patch4_window7_224,160,other,0.0000,0.00
swin_small_patch4_window7_224,160,head,0.0000,0.00
swin_small_patch4_window7_224,224,ffn_mlp,5.5491,63.29
swin_small_patch4_window7_224,224,attention_qkv,2.0809,23.73
swin_small_patch4_window7_224,224,attention_proj,0.6936,7.91
swin_small_patch4_window7_224,224,downsample,0.1760,2.01
swin_small_patch4_window7_224,224,norm,0.0235,0.27
swin_small_patch4_window7_224,224,patch_embed,0.0160,0.18
swin_small_patch4_window7_224,224,attention_other,0.0000,0.00
swin_small_patch4_window7_224,224,other,0.0000,0.00
swin_small_patch4_window7_224,224,head,0.0000,0.00
swin_small_patch4_window7_224,256,ffn_mlp,7.2478,50.59
swin_small_patch4_window7_224,256,attention_qkv,4.7471,33.14
swin_small_patch4_window7_224,256,attention_proj,1.5824,11.05
swin_small_patch4_window7_224,256,downsample,0.2299,1.61
swin_small_patch4_window7_224,256,norm,0.0307,0.21
swin_small_patch4_window7_224,256,patch_embed,0.0208,0.15
swin_small_patch4_window7_224,256,attention_other,0.0000,0.00
swin_small_patch4_window7_224,256,other,0.0000,0.00
swin_small_patch4_window7_224,256,head,0.0000,0.00
swin_small_patch4_window7_224,384,ffn_mlp,16.3075,57.35
swin_small_patch4_window7_224,384,attention_qkv,7.9985,28.13
swin_small_patch4_window7_224,384,attention_proj,2.6662,9.38
swin_small_patch4_window7_224,384,downsample,0.5173,1.82
swin_small_patch4_window7_224,384,norm,0.0691,0.24
swin_small_patch4_window7_224,384,patch_embed,0.0469,0.16
swin_small_patch4_window7_224,384,attention_other,0.0000,0.00
swin_small_patch4_window7_224,384,other,0.0000,0.00
swin_small_patch4_window7_224,384,head,0.0000,0.00
swin_small_patch4_window7_224,512,ffn_mlp,28.9910,58.73
swin_small_patch4_window7_224,512,attention_qkv,13.3768,27.10
swin_small_patch4_window7_224,512,attention_proj,4.4589,9.03
swin_small_patch4_window7_224,512,downsample,0.9197,1.86
swin_small_patch4_window7_224,512,norm,0.1229,0.25
swin_small_patch4_window7_224,512,patch_embed,0.0834,0.17
swin_small_patch4_window7_224,512,attention_other,0.0000,0.00
swin_small_patch4_window7_224,512,other,0.0000,0.00
swin_small_patch4_window7_224,512,head,0.0000,0.00
swin_small_patch4_window7_224,768,ffn_mlp,65.2298,61.86
swin_small_patch4_window7_224,768,attention_qkv,26.1413,24.79
swin_small_patch4_window7_224,768,attention_proj,8.7138,8.26
swin_small_patch4_window7_224,768,downsample,2.0694,1.96
swin_small_patch4_window7_224,768,norm,0.2765,0.26
swin_small_patch4_window7_224,768,patch_embed,0.1876,0.18
swin_small_patch4_window7_224,768,attention_other,0.0000,0.00
swin_small_patch4_window7_224,768,other,0.0000,0.00
swin_small_patch4_window7_224,768,head,0.0000,0.00
swin_small_patch4_window7_224,1024,ffn_mlp,115.9641,59.82
swin_small_patch4_window7_224,1024,attention_qkv,50.9739,26.29
swin_small_patch4_window7_224,1024,attention_proj,16.9913,8.76
swin_small_patch4_window7_224,1024,downsample,3.6789,1.90
swin_small_patch4_window7_224,1024,norm,0.4915,0.25
swin_small_patch4_window7_224,1024,patch_embed,0.3334,0.17
swin_small_patch4_window7_224,1024,attention_other,0.0000,0.00
swin_small_patch4_window7_224,1024,other,0.0000,0.00
swin_small_patch4_window7_224,1024,head,0.0000,0.00
swin_base_patch4_window7_224,64,ffn_mlp,0.8053,59.35
swin_base_patch4_window7_224,64,attention_qkv,0.3721,27.42
swin_base_patch4_window7_224,64,attention_proj,0.1240,9.14
swin_base_patch4_window7_224,64,downsample,0.0255,1.88
swin_base_patch4_window7_224,64,norm,0.0026,0.19
swin_base_patch4_window7_224,64,patch_embed,0.0017,0.13
swin_base_patch4_window7_224,64,attention_other,0.0000,0.00
swin_base_patch4_window7_224,64,other,0.0000,0.00
swin_base_patch4_window7_224,64,head,0.0000,0.00
swin_base_patch4_window7_224,96,ffn_mlp,1.8119,62.63
swin_base_patch4_window7_224,96,attention_qkv,0.7204,24.90
swin_base_patch4_window7_224,96,attention_proj,0.2401,8.30
swin_base_patch4_window7_224,96,downsample,0.0573,1.98
swin_base_patch4_window7_224,96,norm,0.0058,0.20
swin_base_patch4_window7_224,96,patch_embed,0.0039,0.14
swin_base_patch4_window7_224,96,attention_other,0.0000,0.00
swin_base_patch4_window7_224,96,other,0.0000,0.00
swin_base_patch4_window7_224,96,head,0.0000,0.00
swin_base_patch4_window7_224,128,ffn_mlp,3.2212,41.32
swin_base_patch4_window7_224,128,attention_qkv,3.1690,40.65
swin_base_patch4_window7_224,128,attention_proj,1.0563,13.55
swin_base_patch4_window7_224,128,downsample,0.1018,1.31
swin_base_patch4_window7_224,128,norm,0.0102,0.13
swin_base_patch4_window7_224,128,patch_embed,0.0069,0.09
swin_base_patch4_window7_224,128,attention_other,0.0000,0.00
swin_base_patch4_window7_224,128,other,0.0000,0.00
swin_base_patch4_window7_224,128,head,0.0000,0.00
swin_base_patch4_window7_224,160,ffn_mlp,5.0332,51.17
swin_base_patch4_window7_224,160,attention_qkv,3.2786,33.33
swin_base_patch4_window7_224,160,attention_proj,1.0929,11.11
swin_base_patch4_window7_224,160,downsample,0.1591,1.62
swin_base_patch4_window7_224,160,norm,0.0160,0.16
swin_base_patch4_window7_224,160,patch_embed,0.0109,0.11
swin_base_patch4_window7_224,160,attention_other,0.0000,0.00
swin_base_patch4_window7_224,160,other,0.0000,0.00
swin_base_patch4_window7_224,160,head,0.0000,0.00
swin_base_patch4_window7_224,224,ffn_mlp,9.8650,63.78
swin_base_patch4_window7_224,224,attention_qkv,3.6994,23.92
swin_base_patch4_window7_224,224,attention_proj,1.2331,7.97
swin_base_patch4_window7_224,224,downsample,0.3118,2.02
swin_base_patch4_window7_224,224,norm,0.0314,0.20
swin_base_patch4_window7_224,224,patch_embed,0.0213,0.14
swin_base_patch4_window7_224,224,attention_other,0.0000,0.00
swin_base_patch4_window7_224,224,other,0.0000,0.00
swin_base_patch4_window7_224,224,head,0.0000,0.00
swin_base_patch4_window7_224,256,ffn_mlp,12.8849,51.06
swin_base_patch4_window7_224,256,attention_qkv,8.4392,33.44
swin_base_patch4_window7_224,256,attention_proj,2.8131,11.15
swin_base_patch4_window7_224,256,downsample,0.4072,1.61
swin_base_patch4_window7_224,256,norm,0.0410,0.16
swin_base_patch4_window7_224,256,patch_embed,0.0278,0.11
swin_base_patch4_window7_224,256,attention_other,0.0000,0.00
swin_base_patch4_window7_224,256,other,0.0000,0.00
swin_base_patch4_window7_224,256,head,0.0000,0.00
swin_base_patch4_window7_224,384,ffn_mlp,28.9910,57.83
swin_base_patch4_window7_224,384,attention_qkv,14.2195,28.37
swin_base_patch4_window7_224,384,attention_proj,4.7398,9.46
swin_base_patch4_window7_224,384,downsample,0.9163,1.83
swin_base_patch4_window7_224,384,norm,0.0922,0.18
swin_base_patch4_window7_224,384,patch_embed,0.0625,0.12
swin_base_patch4_window7_224,384,attention_other,0.0000,0.00
swin_base_patch4_window7_224,384,other,0.0000,0.00
swin_base_patch4_window7_224,384,head,0.0000,0.00
swin_base_patch4_window7_224,512,ffn_mlp,51.5396,59.22
swin_base_patch4_window7_224,512,attention_qkv,23.7810,27.32
swin_base_patch4_window7_224,512,attention_proj,7.9270,9.11
swin_base_patch4_window7_224,512,downsample,1.6290,1.87
swin_base_patch4_window7_224,512,norm,0.1638,0.19
swin_base_patch4_window7_224,512,patch_embed,0.1111,0.13
swin_base_patch4_window7_224,512,attention_other,0.0000,0.00
swin_base_patch4_window7_224,512,other,0.0000,0.00
swin_base_patch4_window7_224,512,head,0.0000,0.00
swin_base_patch4_window7_224,768,ffn_mlp,115.9641,62.35
swin_base_patch4_window7_224,768,attention_qkv,46.4734,24.99
swin_base_patch4_window7_224,768,attention_proj,15.4911,8.33
swin_base_patch4_window7_224,768,downsample,3.6652,1.97
swin_base_patch4_window7_224,768,norm,0.3686,0.20
swin_base_patch4_window7_224,768,patch_embed,0.2501,0.13
swin_base_patch4_window7_224,768,attention_other,0.0000,0.00
swin_base_patch4_window7_224,768,other,0.0000,0.00
swin_base_patch4_window7_224,768,head,0.0000,0.00
swin_base_patch4_window7_224,1024,ffn_mlp,206.1584,60.31
swin_base_patch4_window7_224,1024,attention_qkv,90.6203,26.51
swin_base_patch4_window7_224,1024,attention_proj,30.2068,8.84
swin_base_patch4_window7_224,1024,downsample,6.5159,1.91
swin_base_patch4_window7_224,1024,norm,0.6554,0.19
swin_base_patch4_window7_224,1024,patch_embed,0.4446,0.13
swin_base_patch4_window7_224,1024,attention_other,0.0000,0.00
swin_base_patch4_window7_224,1024,other,0.0000,0.00
swin_base_patch4_window7_224,1024,head,0.0000,0.00
deit3_small_patch16_224,64,ffn_mlp,0.2406,65.66
deit3_small_patch16_224,64,attention_qkv,0.0902,24.62
deit3_small_patch16_224,64,attention_proj,0.0301,8.21
deit3_small_patch16_224,64,patch_embed,0.0047,1.29
deit3_small_patch16_224,64,norm,0.0008,0.22
deit3_small_patch16_224,64,other,0.0000,0.00
deit3_small_patch16_224,64,attention_other,0.0000,0.00
deit3_small_patch16_224,64,head,0.0000,0.00
deit3_small_patch16_224,96,ffn_mlp,0.5238,65.63
deit3_small_patch16_224,96,attention_qkv,0.1964,24.61
deit3_small_patch16_224,96,attention_proj,0.0655,8.20
deit3_small_patch16_224,96,patch_embed,0.0106,1.33
deit3_small_patch16_224,96,norm,0.0018,0.22
deit3_small_patch16_224,96,other,0.0000,0.00
deit3_small_patch16_224,96,attention_other,0.0000,0.00
deit3_small_patch16_224,96,head,0.0000,0.00
deit3_small_patch16_224,128,ffn_mlp,0.9201,65.62
deit3_small_patch16_224,128,attention_qkv,0.3450,24.61
deit3_small_patch16_224,128,attention_proj,0.1150,8.20
deit3_small_patch16_224,128,patch_embed,0.0189,1.35
deit3_small_patch16_224,128,norm,0.0031,0.22
deit3_small_patch16_224,128,other,0.0000,0.00
deit3_small_patch16_224,128,attention_other,0.0000,0.00
deit3_small_patch16_224,128,head,0.0000,0.00
deit3_small_patch16_224,160,ffn_mlp,1.4297,65.62
deit3_small_patch16_224,160,attention_qkv,0.5362,24.61
deit3_small_patch16_224,160,attention_proj,0.1787,8.20
deit3_small_patch16_224,160,patch_embed,0.0295,1.35
deit3_small_patch16_224,160,norm,0.0048,0.22
deit3_small_patch16_224,160,other,0.0000,0.00
deit3_small_patch16_224,160,attention_other,0.0000,0.00
deit3_small_patch16_224,160,head,0.0000,0.00
deit3_small_patch16_224,224,ffn_mlp,2.7887,65.61
deit3_small_patch16_224,224,attention_qkv,1.0458,24.60
deit3_small_patch16_224,224,attention_proj,0.3486,8.20
deit3_small_patch16_224,224,patch_embed,0.0578,1.36
deit3_small_patch16_224,224,norm,0.0095,0.22
deit3_small_patch16_224,224,other,0.0000,0.00
deit3_small_patch16_224,224,attention_other,0.0000,0.00
deit3_small_patch16_224,224,head,0.0000,0.00
deit3_small_patch16_224,256,ffn_mlp,3.6380,65.61
deit3_small_patch16_224,256,attention_qkv,1.3643,24.60
deit3_small_patch16_224,256,attention_proj,0.4548,8.20
deit3_small_patch16_224,256,patch_embed,0.0755,1.36
deit3_small_patch16_224,256,norm,0.0123,0.22
deit3_small_patch16_224,256,other,0.0000,0.00
deit3_small_patch16_224,256,attention_other,0.0000,0.00
deit3_small_patch16_224,256,head,0.0000,0.00
deit3_small_patch16_224,384,ffn_mlp,8.1679,65.61
deit3_small_patch16_224,384,attention_qkv,3.0630,24.60
deit3_small_patch16_224,384,attention_proj,1.0210,8.20
deit3_small_patch16_224,384,patch_embed,0.1699,1.36
deit3_small_patch16_224,384,norm,0.0277,0.22
deit3_small_patch16_224,384,other,0.0000,0.00
deit3_small_patch16_224,384,attention_other,0.0000,0.00
deit3_small_patch16_224,384,head,0.0000,0.00
deit3_small_patch16_224,512,ffn_mlp,14.5097,65.61
deit3_small_patch16_224,512,attention_qkv,5.4411,24.60
deit3_small_patch16_224,512,attention_proj,1.8137,8.20
deit3_small_patch16_224,512,patch_embed,0.3020,1.37
deit3_small_patch16_224,512,norm,0.0492,0.22
deit3_small_patch16_224,512,other,0.0000,0.00
deit3_small_patch16_224,512,attention_other,0.0000,0.00
deit3_small_patch16_224,512,head,0.0000,0.00
deit3_small_patch16_224,768,ffn_mlp,32.6291,65.61
deit3_small_patch16_224,768,attention_qkv,12.2359,24.60
deit3_small_patch16_224,768,attention_proj,4.0786,8.20
deit3_small_patch16_224,768,patch_embed,0.6795,1.37
deit3_small_patch16_224,768,norm,0.1106,0.22
deit3_small_patch16_224,768,other,0.0000,0.00
deit3_small_patch16_224,768,attention_other,0.0000,0.00
deit3_small_patch16_224,768,head,0.0000,0.00
deit3_small_patch16_224,1024,ffn_mlp,57.9962,65.61
deit3_small_patch16_224,1024,attention_qkv,21.7486,24.60
deit3_small_patch16_224,1024,attention_proj,7.2495,8.20
deit3_small_patch16_224,1024,patch_embed,1.2080,1.37
deit3_small_patch16_224,1024,norm,0.1967,0.22
deit3_small_patch16_224,1024,other,0.0000,0.00
deit3_small_patch16_224,1024,attention_other,0.0000,0.00
deit3_small_patch16_224,1024,head,0.0000,0.00
deit3_medium_patch16_224,64,ffn_mlp,0.4278,65.91
deit3_medium_patch16_224,64,attention_qkv,0.1604,24.72
deit3_medium_patch16_224,64,attention_proj,0.0535,8.24
deit3_medium_patch16_224,64,patch_embed,0.0063,0.97
deit3_medium_patch16_224,64,norm,0.0011,0.17
deit3_medium_patch16_224,64,other,0.0000,0.00
deit3_medium_patch16_224,64,attention_other,0.0000,0.00
deit3_medium_patch16_224,64,head,0.0000,0.00
deit3_medium_patch16_224,96,ffn_mlp,0.9311,65.89
deit3_medium_patch16_224,96,attention_qkv,0.3492,24.71
deit3_medium_patch16_224,96,attention_proj,0.1164,8.24
deit3_medium_patch16_224,96,patch_embed,0.0142,1.00
deit3_medium_patch16_224,96,norm,0.0024,0.17
deit3_medium_patch16_224,96,other,0.0000,0.00
deit3_medium_patch16_224,96,attention_other,0.0000,0.00
deit3_medium_patch16_224,96,head,0.0000,0.00
deit3_medium_patch16_224,128,ffn_mlp,1.6358,65.88
deit3_medium_patch16_224,128,attention_qkv,0.6134,24.70
deit3_medium_patch16_224,128,attention_proj,0.2045,8.23
deit3_medium_patch16_224,128,patch_embed,0.0252,1.01
deit3_medium_patch16_224,128,norm,0.0042,0.17
deit3_medium_patch16_224,128,other,0.0000,0.00
deit3_medium_patch16_224,128,attention_other,0.0000,0.00
deit3_medium_patch16_224,128,head,0.0000,0.00
deit3_medium_patch16_224,160,ffn_mlp,2.5417,65.88
deit3_medium_patch16_224,160,attention_qkv,0.9532,24.70
deit3_medium_patch16_224,160,attention_proj,0.3177,8.23
deit3_medium_patch16_224,160,patch_embed,0.0393,1.02
deit3_medium_patch16_224,160,norm,0.0065,0.17
deit3_medium_patch16_224,160,other,0.0000,0.00
deit3_medium_patch16_224,160,attention_other,0.0000,0.00
deit3_medium_patch16_224,160,head,0.0000,0.00
deit3_medium_patch16_224,224,ffn_mlp,4.9577,65.87
deit3_medium_patch16_224,224,attention_qkv,1.8591,24.70
deit3_medium_patch16_224,224,attention_proj,0.6197,8.23
deit3_medium_patch16_224,224,patch_embed,0.0771,1.02
deit3_medium_patch16_224,224,norm,0.0126,0.17
deit3_medium_patch16_224,224,other,0.0000,0.00
deit3_medium_patch16_224,224,attention_other,0.0000,0.00
deit3_medium_patch16_224,224,head,0.0000,0.00
deit3_medium_patch16_224,256,ffn_mlp,6.4676,65.87
deit3_medium_patch16_224,256,attention_qkv,2.4254,24.70
deit3_medium_patch16_224,256,attention_proj,0.8085,8.23
deit3_medium_patch16_224,256,patch_embed,0.1007,1.03
deit3_medium_patch16_224,256,norm,0.0164,0.17
deit3_medium_patch16_224,256,other,0.0000,0.00
deit3_medium_patch16_224,256,attention_other,0.0000,0.00
deit3_medium_patch16_224,256,head,0.0000,0.00
deit3_medium_patch16_224,384,ffn_mlp,14.5207,65.87
deit3_medium_patch16_224,384,attention_qkv,5.4453,24.70
deit3_medium_patch16_224,384,attention_proj,1.8151,8.23
deit3_medium_patch16_224,384,patch_embed,0.2265,1.03
deit3_medium_patch16_224,384,norm,0.0369,0.17
deit3_medium_patch16_224,384,other,0.0000,0.00
deit3_medium_patch16_224,384,attention_other,0.0000,0.00
deit3_medium_patch16_224,384,head,0.0000,0.00
deit3_medium_patch16_224,512,ffn_mlp,25.7950,65.87
deit3_medium_patch16_224,512,attention_qkv,9.6731,24.70
deit3_medium_patch16_224,512,attention_proj,3.2244,8.23
deit3_medium_patch16_224,512,patch_embed,0.4027,1.03
deit3_medium_patch16_224,512,norm,0.0656,0.17
deit3_medium_patch16_224,512,other,0.0000,0.00
deit3_medium_patch16_224,512,attention_other,0.0000,0.00
deit3_medium_patch16_224,512,head,0.0000,0.00
deit3_medium_patch16_224,768,ffn_mlp,58.0072,65.87
deit3_medium_patch16_224,768,attention_qkv,21.7527,24.70
deit3_medium_patch16_224,768,attention_proj,7.2509,8.23
deit3_medium_patch16_224,768,patch_embed,0.9060,1.03
deit3_medium_patch16_224,768,norm,0.1475,0.17
deit3_medium_patch16_224,768,other,0.0000,0.00
deit3_medium_patch16_224,768,attention_other,0.0000,0.00
deit3_medium_patch16_224,768,head,0.0000,0.00
deit3_medium_patch16_224,1024,ffn_mlp,103.1044,65.87
deit3_medium_patch16_224,1024,attention_qkv,38.6641,24.70
deit3_medium_patch16_224,1024,attention_proj,12.8880,8.23
deit3_medium_patch16_224,1024,patch_embed,1.6106,1.03
deit3_medium_patch16_224,1024,norm,0.2622,0.17
deit3_medium_patch16_224,1024,other,0.0000,0.00
deit3_medium_patch16_224,1024,attention_other,0.0000,0.00
deit3_medium_patch16_224,1024,head,0.0000,0.00
deit3_base_patch16_224,64,ffn_mlp,0.9626,66.16
deit3_base_patch16_224,64,attention_qkv,0.3610,24.81
deit3_base_patch16_224,64,attention_proj,0.1203,8.27
deit3_base_patch16_224,64,patch_embed,0.0094,0.65
deit3_base_patch16_224,64,norm,0.0016,0.11
deit3_base_patch16_224,64,other,0.0000,0.00
deit3_base_patch16_224,64,attention_other,0.0000,0.00
deit3_base_patch16_224,64,head,0.0000,0.00
deit3_base_patch16_224,96,ffn_mlp,2.0951,66.14
deit3_base_patch16_224,96,attention_qkv,0.7856,24.80
deit3_base_patch16_224,96,attention_proj,0.2619,8.27
deit3_base_patch16_224,96,patch_embed,0.0212,0.67
deit3_base_patch16_224,96,norm,0.0036,0.11
deit3_base_patch16_224,96,other,0.0000,0.00
deit3_base_patch16_224,96,attention_other,0.0000,0.00
deit3_base_patch16_224,96,head,0.0000,0.00
deit3_base_patch16_224,128,ffn_mlp,3.6805,66.14
deit3_base_patch16_224,128,attention_qkv,1.3802,24.80
deit3_base_patch16_224,128,attention_proj,0.4601,8.27
deit3_base_patch16_224,128,patch_embed,0.0377,0.68
deit3_base_patch16_224,128,norm,0.0062,0.11
deit3_base_patch16_224,128,other,0.0000,0.00
deit3_base_patch16_224,128,attention_other,0.0000,0.00
deit3_base_patch16_224,128,head,0.0000,0.00
deit3_base_patch16_224,160,ffn_mlp,5.7189,66.14
deit3_base_patch16_224,160,attention_qkv,2.1446,24.80
deit3_base_patch16_224,160,attention_proj,0.7149,8.27
deit3_base_patch16_224,160,patch_embed,0.0590,0.68
deit3_base_patch16_224,160,norm,0.0097,0.11
deit3_base_patch16_224,160,other,0.0000,0.00
deit3_base_patch16_224,160,attention_other,0.0000,0.00
deit3_base_patch16_224,160,head,0.0000,0.00
deit3_base_patch16_224,224,ffn_mlp,11.1548,66.13
deit3_base_patch16_224,224,attention_qkv,4.1830,24.80
deit3_base_patch16_224,224,attention_proj,1.3943,8.27
deit3_base_patch16_224,224,patch_embed,0.1156,0.69
deit3_base_patch16_224,224,norm,0.0189,0.11
deit3_base_patch16_224,224,other,0.0000,0.00
deit3_base_patch16_224,224,attention_other,0.0000,0.00
deit3_base_patch16_224,224,head,0.0000,0.00
deit3_base_patch16_224,256,ffn_mlp,14.5521,66.13
deit3_base_patch16_224,256,attention_qkv,5.4571,24.80
deit3_base_patch16_224,256,attention_proj,1.8190,8.27
deit3_base_patch16_224,256,patch_embed,0.1510,0.69
deit3_base_patch16_224,256,norm,0.0247,0.11
deit3_base_patch16_224,256,other,0.0000,0.00
deit3_base_patch16_224,256,attention_other,0.0000,0.00
deit3_base_patch16_224,256,head,0.0000,0.00
deit3_base_patch16_224,384,ffn_mlp,32.6715,66.13
deit3_base_patch16_224,384,attention_qkv,12.2518,24.80
deit3_base_patch16_224,384,attention_proj,4.0839,8.27
deit3_base_patch16_224,384,patch_embed,0.3397,0.69
deit3_base_patch16_224,384,norm,0.0554,0.11
deit3_base_patch16_224,384,other,0.0000,0.00
deit3_base_patch16_224,384,attention_other,0.0000,0.00
deit3_base_patch16_224,384,head,0.0000,0.00
deit3_base_patch16_224,512,ffn_mlp,58.0387,66.13
deit3_base_patch16_224,512,attention_qkv,21.7645,24.80
deit3_base_patch16_224,512,attention_proj,7.2548,8.27
deit3_base_patch16_224,512,patch_embed,0.6040,0.69
deit3_base_patch16_224,512,norm,0.0984,0.11
deit3_base_patch16_224,512,other,0.0000,0.00
deit3_base_patch16_224,512,attention_other,0.0000,0.00
deit3_base_patch16_224,512,head,0.0000,0.00
deit3_base_patch16_224,768,ffn_mlp,130.5163,66.13
deit3_base_patch16_224,768,attention_qkv,48.9436,24.80
deit3_base_patch16_224,768,attention_proj,16.3145,8.27
deit3_base_patch16_224,768,patch_embed,1.3590,0.69
deit3_base_patch16_224,768,norm,0.2213,0.11
deit3_base_patch16_224,768,other,0.0000,0.00
deit3_base_patch16_224,768,attention_other,0.0000,0.00
deit3_base_patch16_224,768,head,0.0000,0.00
deit3_base_patch16_224,1024,ffn_mlp,231.9849,66.13
deit3_base_patch16_224,1024,attention_qkv,86.9943,24.80
deit3_base_patch16_224,1024,attention_proj,28.9981,8.27
deit3_base_patch16_224,1024,patch_embed,2.4159,0.69
deit3_base_patch16_224,1024,norm,0.3933,0.11
deit3_base_patch16_224,1024,other,0.0000,0.00
deit3_base_patch16_224,1024,attention_other,0.0000,0.00
deit3_base_patch16_224,1024,head,0.0000,0.00
convnext_tiny,64,ffn_mlp,0.3397,93.11
convnext_tiny,64,downsample,0.0144,3.94
convnext_tiny,64,conv,0.0086,2.35
convnext_tiny,64,patch_embed,0.0013,0.36
convnext_tiny,64,norm,0.0009,0.24
convnext_tiny,64,head,0.0000,0.00
convnext_tiny,64,other,0.0000,0.00
convnext_tiny,96,ffn_mlp,0.7644,93.11
convnext_tiny,96,downsample,0.0323,3.94
convnext_tiny,96,conv,0.0193,2.35
convnext_tiny,96,patch_embed,0.0029,0.36
convnext_tiny,96,norm,0.0020,0.24
convnext_tiny,96,head,0.0000,0.00
convnext_tiny,96,other,0.0000,0.00
convnext_tiny,128,ffn_mlp,1.3590,93.11
convnext_tiny,128,downsample,0.0575,3.94
convnext_tiny,128,conv,0.0343,2.35
convnext_tiny,128,patch_embed,0.0052,0.36
convnext_tiny,128,norm,0.0035,0.24
convnext_tiny,128,head,0.0000,0.00
convnext_tiny,128,other,0.0000,0.00
convnext_tiny,160,ffn_mlp,2.1234,93.11
convnext_tiny,160,downsample,0.0898,3.94
convnext_tiny,160,conv,0.0536,2.35
convnext_tiny,160,patch_embed,0.0081,0.36
convnext_tiny,160,norm,0.0055,0.24
convnext_tiny,160,head,0.0000,0.00
convnext_tiny,160,other,0.0000,0.00
convnext_tiny,224,ffn_mlp,4.1618,93.11
convnext_tiny,224,downsample,0.1760,3.94
convnext_tiny,224,conv,0.1051,2.35
convnext_tiny,224,patch_embed,0.0160,0.36
convnext_tiny,224,norm,0.0107,0.24
convnext_tiny,224,head,0.0000,0.00
convnext_tiny,224,other,0.0000,0.00
convnext_tiny,256,ffn_mlp,5.4358,93.11
convnext_tiny,256,downsample,0.2299,3.94
convnext_tiny,256,conv,0.1373,2.35
convnext_tiny,256,patch_embed,0.0208,0.36
convnext_tiny,256,norm,0.0140,0.24
convnext_tiny,256,head,0.0000,0.00
convnext_tiny,256,other,0.0000,0.00
convnext_tiny,384,ffn_mlp,12.2306,93.11
convnext_tiny,384,downsample,0.5173,3.94
convnext_tiny,384,conv,0.3089,2.35
convnext_tiny,384,patch_embed,0.0469,0.36
convnext_tiny,384,norm,0.0315,0.24
convnext_tiny,384,head,0.0001,0.00
convnext_tiny,384,other,0.0000,0.00
convnext_tiny,512,ffn_mlp,21.7433,93.11
convnext_tiny,512,downsample,0.9197,3.94
convnext_tiny,512,conv,0.5491,2.35
convnext_tiny,512,patch_embed,0.0834,0.36
convnext_tiny,512,norm,0.0560,0.24
convnext_tiny,512,head,0.0002,0.00
convnext_tiny,512,other,0.0000,0.00
convnext_tiny,768,ffn_mlp,48.9224,93.11
convnext_tiny,768,downsample,2.0694,3.94
convnext_tiny,768,conv,1.2355,2.35
convnext_tiny,768,patch_embed,0.1876,0.36
convnext_tiny,768,norm,0.1261,0.24
convnext_tiny,768,head,0.0004,0.00
convnext_tiny,768,other,0.0000,0.00
convnext_tiny,1024,ffn_mlp,86.9731,93.11
convnext_tiny,1024,downsample,3.6789,3.94
convnext_tiny,1024,conv,2.1965,2.35
convnext_tiny,1024,patch_embed,0.3334,0.36
convnext_tiny,1024,norm,0.2241,0.24
convnext_tiny,1024,head,0.0008,0.00
convnext_tiny,1024,other,0.0000,0.00
convnext_small,64,ffn_mlp,0.6795,95.62
convnext_small,64,downsample,0.0144,2.02
convnext_small,64,conv,0.0140,1.97
convnext_small,64,norm,0.0014,0.20
convnext_small,64,patch_embed,0.0013,0.18
convnext_small,64,head,0.0000,0.00
convnext_small,64,other,0.0000,0.00
convnext_small,96,ffn_mlp,1.5288,95.62
convnext_small,96,downsample,0.0323,2.02
convnext_small,96,conv,0.0315,1.97
convnext_small,96,norm,0.0032,0.20
convnext_small,96,patch_embed,0.0029,0.18
convnext_small,96,head,0.0000,0.00
convnext_small,96,other,0.0000,0.00
convnext_small,128,ffn_mlp,2.7179,95.62
convnext_small,128,downsample,0.0575,2.02
convnext_small,128,conv,0.0560,1.97
convnext_small,128,norm,0.0057,0.20
convnext_small,128,patch_embed,0.0052,0.18
convnext_small,128,head,0.0000,0.00
convnext_small,128,other,0.0000,0.00
convnext_small,160,ffn_mlp,4.2467,95.62
convnext_small,160,downsample,0.0898,2.02
convnext_small,160,conv,0.0875,1.97
convnext_small,160,norm,0.0089,0.20
convnext_small,160,patch_embed,0.0081,0.18
convnext_small,160,head,0.0000,0.00
convnext_small,160,other,0.0000,0.00
convnext_small,224,ffn_mlp,8.3236,95.62
convnext_small,224,downsample,0.1760,2.02
convnext_small,224,conv,0.1715,1.97
convnext_small,224,norm,0.0175,0.20
convnext_small,224,patch_embed,0.0160,0.18
convnext_small,224,head,0.0000,0.00
convnext_small,224,other,0.0000,0.00
convnext_small,256,ffn_mlp,10.8716,95.62
convnext_small,256,downsample,0.2299,2.02
convnext_small,256,conv,0.2240,1.97
convnext_small,256,norm,0.0229,0.20
convnext_small,256,patch_embed,0.0208,0.18
convnext_small,256,head,0.0000,0.00
convnext_small,256,other,0.0000,0.00
convnext_small,384,ffn_mlp,24.4612,95.62
convnext_small,384,downsample,0.5173,2.02
convnext_small,384,conv,0.5040,1.97
convnext_small,384,norm,0.0514,0.20
convnext_small,384,patch_embed,0.0469,0.18
convnext_small,384,head,0.0001,0.00
convnext_small,384,other,0.0000,0.00
convnext_small,512,ffn_mlp,43.4865,95.62
convnext_small,512,downsample,0.9197,2.02
convnext_small,512,conv,0.8959,1.97
convnext_small,512,norm,0.0914,0.20
convnext_small,512,patch_embed,0.0834,0.18
convnext_small,512,head,0.0002,0.00
convnext_small,512,other,0.0000,0.00
convnext_small,768,ffn_mlp,97.8447,95.62
convnext_small,768,downsample,2.0694,2.02
convnext_small,768,conv,2.0159,1.97
convnext_small,768,norm,0.2057,0.20
convnext_small,768,patch_embed,0.1876,0.18
convnext_small,768,head,0.0004,0.00
convnext_small,768,other,0.0000,0.00
convnext_small,1024,ffn_mlp,173.9462,95.62
convnext_small,1024,downsample,3.6789,2.02
convnext_small,1024,conv,3.5838,1.97
convnext_small,1024,norm,0.3657,0.20
convnext_small,1024,patch_embed,0.3334,0.18
convnext_small,1024,head,0.0008,0.00
convnext_small,1024,other,0.0000,0.00
convnext_base,64,ffn_mlp,1.2080,96.20
convnext_base,64,downsample,0.0255,2.03
convnext_base,64,conv,0.0187,1.49
convnext_base,64,norm,0.0019,0.15
convnext_base,64,patch_embed,0.0017,0.14
convnext_base,64,head,0.0000,0.00
convnext_base,64,other,0.0000,0.00
convnext_base,96,ffn_mlp,2.7179,96.20
convnext_base,96,downsample,0.0573,2.03
convnext_base,96,conv,0.0420,1.49
convnext_base,96,norm,0.0043,0.15
convnext_base,96,patch_embed,0.0039,0.14
convnext_base,96,head,0.0000,0.00
convnext_base,96,other,0.0000,0.00
convnext_base,128,ffn_mlp,4.8318,96.20
convnext_base,128,downsample,0.1018,2.03
convnext_base,128,conv,0.0747,1.49
convnext_base,128,norm,0.0076,0.15
convnext_base,128,patch_embed,0.0069,0.14
convnext_base,128,head,0.0000,0.00
convnext_base,128,other,0.0000,0.00
convnext_base,160,ffn_mlp,7.5497,96.20
convnext_base,160,downsample,0.1591,2.03
convnext_base,160,conv,0.1167,1.49
convnext_base,160,norm,0.0119,0.15
convnext_base,160,patch_embed,0.0109,0.14
convnext_base,160,head,0.0000,0.00
convnext_base,160,other,0.0000,0.00
convnext_base,224,ffn_mlp,14.7975,96.20
convnext_base,224,downsample,0.3118,2.03
convnext_base,224,conv,0.2287,1.49
convnext_base,224,norm,0.0233,0.15
convnext_base,224,patch_embed,0.0213,0.14
convnext_base,224,head,0.0001,0.00
convnext_base,224,other,0.0000,0.00
convnext_base,256,ffn_mlp,19.3274,96.20
convnext_base,256,downsample,0.4072,2.03
convnext_base,256,conv,0.2986,1.49
convnext_base,256,norm,0.0305,0.15
convnext_base,256,patch_embed,0.0278,0.14
convnext_base,256,head,0.0001,0.00
convnext_base,256,other,0.0000,0.00
convnext_base,384,ffn_mlp,43.4865,96.20
convnext_base,384,downsample,0.9163,2.03
convnext_base,384,conv,0.6720,1.49
convnext_base,384,norm,0.0686,0.15
convnext_base,384,patch_embed,0.0625,0.14
convnext_base,384,head,0.0001,0.00
convnext_base,384,other,0.0000,0.00
convnext_base,512,ffn_mlp,77.3094,96.20
convnext_base,512,downsample,1.6290,2.03
convnext_base,512,conv,1.1946,1.49
convnext_base,512,norm,0.1219,0.15
convnext_base,512,patch_embed,0.1111,0.14
convnext_base,512,head,0.0003,0.00
convnext_base,512,other,0.0000,0.00
convnext_base,768,ffn_mlp,173.9462,96.20
convnext_base,768,downsample,3.6652,2.03
convnext_base,768,conv,2.6878,1.49
convnext_base,768,norm,0.2743,0.15
convnext_base,768,patch_embed,0.2501,0.14
convnext_base,768,head,0.0006,0.00
convnext_base,768,other,0.0000,0.00
convnext_base,1024,ffn_mlp,309.2376,96.20
convnext_base,1024,downsample,6.5159,2.03
convnext_base,1024,conv,4.7784,1.49
convnext_base,1024,norm,0.4876,0.15
convnext_base,1024,patch_embed,0.4446,0.14
convnext_base,1024,head,0.0010,0.00
convnext_base,1024,other,0.0000,0.00
pvt_v2_b2,64,ffn_mlp,0.2285,71.71
pvt_v2_b2,64,attention_qkv,0.0321,10.09
pvt_v2_b2,64,attention_proj,0.0203,6.38
pvt_v2_b2,64,attention_other,0.0172,5.41
pvt_v2_b2,64,downsample,0.0166,5.21
pvt_v2_b2,64,patch_embed,0.0025,0.78
pvt_v2_b2,64,norm,0.0013,0.42
pvt_v2_b2,64,other,0.0000,0.00
pvt_v2_b2,64,head,0.0000,0.00
pvt_v2_b2,96,ffn_mlp,0.5141,71.71
pvt_v2_b2,96,attention_qkv,0.0723,10.09
pvt_v2_b2,96,attention_proj,0.0457,6.38
pvt_v2_b2,96,attention_other,0.0388,5.41
pvt_v2_b2,96,downsample,0.0373,5.21
pvt_v2_b2,96,patch_embed,0.0056,0.78
pvt_v2_b2,96,norm,0.0030,0.42
pvt_v2_b2,96,other,0.0000,0.00
pvt_v2_b2,96,head,0.0000,0.00
pvt_v2_b2,128,ffn_mlp,0.9139,71.71
pvt_v2_b2,128,attention_qkv,0.1286,10.09
pvt_v2_b2,128,attention_proj,0.0813,6.38
pvt_v2_b2,128,attention_other,0.0689,5.41
pvt_v2_b2,128,downsample,0.0664,5.21
pvt_v2_b2,128,patch_embed,0.0100,0.78
pvt_v2_b2,128,norm,0.0054,0.42
pvt_v2_b2,128,other,0.0000,0.00
pvt_v2_b2,128,head,0.0000,0.00
pvt_v2_b2,160,ffn_mlp,1.4280,71.71
pvt_v2_b2,160,attention_qkv,0.2009,10.09
pvt_v2_b2,160,attention_proj,0.1270,6.38
pvt_v2_b2,160,attention_other,0.1076,5.41
pvt_v2_b2,160,downsample,0.1037,5.21
pvt_v2_b2,160,patch_embed,0.0156,0.78
pvt_v2_b2,160,norm,0.0084,0.42
pvt_v2_b2,160,other,0.0000,0.00
pvt_v2_b2,160,head,0.0000,0.00
pvt_v2_b2,224,ffn_mlp,2.7988,71.71
pvt_v2_b2,224,attention_qkv,0.3938,10.09
pvt_v2_b2,224,attention_proj,0.2489,6.38
pvt_v2_b2,224,attention_other,0.2110,5.41
pvt_v2_b2,224,downsample,0.2033,5.21
pvt_v2_b2,224,patch_embed,0.0305,0.78
pvt_v2_b2,224,norm,0.0165,0.42
pvt_v2_b2,224,other,0.0000,0.00
pvt_v2_b2,224,head,0.0000,0.00
pvt_v2_b2,256,ffn_mlp,3.6556,71.71
pvt_v2_b2,256,attention_qkv,0.5143,10.09
pvt_v2_b2,256,attention_proj,0.3251,6.38
pvt_v2_b2,256,attention_other,0.2756,5.41
pvt_v2_b2,256,downsample,0.2655,5.21
pvt_v2_b2,256,patch_embed,0.0398,0.78
pvt_v2_b2,256,norm,0.0215,0.42
pvt_v2_b2,256,other,0.0000,0.00
pvt_v2_b2,256,head,0.0000,0.00
pvt_v2_b2,384,ffn_mlp,8.2251,71.71
pvt_v2_b2,384,attention_qkv,1.1572,10.09
pvt_v2_b2,384,attention_proj,0.7314,6.38
pvt_v2_b2,384,attention_other,0.6200,5.41
pvt_v2_b2,384,downsample,0.5973,5.21
pvt_v2_b2,384,patch_embed,0.0897,0.78
pvt_v2_b2,384,norm,0.0485,0.42
pvt_v2_b2,384,other,0.0000,0.00
pvt_v2_b2,384,head,0.0000,0.00
pvt_v2_b2,512,ffn_mlp,14.6224,71.71
pvt_v2_b2,512,attention_qkv,2.0573,10.09
pvt_v2_b2,512,attention_proj,1.3002,6.38
pvt_v2_b2,512,attention_other,1.1023,5.41
pvt_v2_b2,512,downsample,1.0619,5.21
pvt_v2_b2,512,patch_embed,0.1594,0.78
pvt_v2_b2,512,norm,0.0862,0.42
pvt_v2_b2,512,other,0.0000,0.00
pvt_v2_b2,512,head,0.0000,0.00
pvt_v2_b2,768,ffn_mlp,32.9004,71.71
pvt_v2_b2,768,attention_qkv,4.6289,10.09
pvt_v2_b2,768,attention_proj,2.9255,6.38
pvt_v2_b2,768,attention_other,2.4801,5.41
pvt_v2_b2,768,downsample,2.3892,5.21
pvt_v2_b2,768,patch_embed,0.3586,0.78
pvt_v2_b2,768,norm,0.1939,0.42
pvt_v2_b2,768,other,0.0000,0.00
pvt_v2_b2,768,head,0.0000,0.00
pvt_v2_b2,1024,ffn_mlp,58.4896,71.71
pvt_v2_b2,1024,attention_qkv,8.2292,10.09
pvt_v2_b2,1024,attention_proj,5.2009,6.38
pvt_v2_b2,1024,attention_other,4.4091,5.41
pvt_v2_b2,1024,downsample,4.2475,5.21
pvt_v2_b2,1024,patch_embed,0.6375,0.78
pvt_v2_b2,1024,norm,0.3447,0.42
pvt_v2_b2,1024,other,0.0000,0.00
pvt_v2_b2,1024,head,0.0000,0.00
pvt_v2_b3,64,ffn_mlp,0.3880,70.85
pvt_v2_b3,64,attention_qkv,0.0616,11.26
pvt_v2_b3,64,attention_proj,0.0400,7.30
pvt_v2_b3,64,attention_other,0.0370,6.75
pvt_v2_b3,64,downsample,0.0166,3.03
pvt_v2_b3,64,patch_embed,0.0025,0.45
pvt_v2_b3,64,norm,0.0020,0.36
pvt_v2_b3,64,other,0.0000,0.00
pvt_v2_b3,64,head,0.0000,0.00
pvt_v2_b3,96,ffn_mlp,0.8729,70.85
pvt_v2_b3,96,attention_qkv,0.1387,11.26
pvt_v2_b3,96,attention_proj,0.0899,7.30
pvt_v2_b3,96,attention_other,0.0832,6.75
pvt_v2_b3,96,downsample,0.0373,3.03
pvt_v2_b3,96,patch_embed,0.0056,0.45
pvt_v2_b3,96,norm,0.0044,0.36
pvt_v2_b3,96,other,0.0000,0.00
pvt_v2_b3,96,head,0.0000,0.00
pvt_v2_b3,128,ffn_mlp,1.5519,70.85
pvt_v2_b3,128,attention_qkv,0.2465,11.26
pvt_v2_b3,128,attention_proj,0.1599,7.30
pvt_v2_b3,128,attention_other,0.1478,6.75
pvt_v2_b3,128,downsample,0.0664,3.03
pvt_v2_b3,128,patch_embed,0.0100,0.45
pvt_v2_b3,128,norm,0.0078,0.36
pvt_v2_b3,128,other,0.0000,0.00
pvt_v2_b3,128,head,0.0000,0.00
pvt_v2_b3,160,ffn_mlp,2.4248,70.85
pvt_v2_b3,160,attention_qkv,0.3852,11.26
pvt_v2_b3,160,attention_proj,0.2499,7.30
pvt_v2_b3,160,attention_other,0.2310,6.75
pvt_v2_b3,160,downsample,0.1037,3.03
pvt_v2_b3,160,patch_embed,0.0156,0.45
pvt_v2_b3,160,norm,0.0123,0.36
pvt_v2_b3,160,other,0.0000,0.00
pvt_v2_b3,160,head,0.0000,0.00
pvt_v2_b3,224,ffn_mlp,4.7527,70.85
pvt_v2_b3,224,attention_qkv,0.7550,11.26
pvt_v2_b3,224,attention_proj,0.4897,7.30
pvt_v2_b3,224,attention_other,0.4528,6.75
pvt_v2_b3,224,downsample,0.2033,3.03
pvt_v2_b3,224,patch_embed,0.0305,0.45
pvt_v2_b3,224,norm,0.0240,0.36
pvt_v2_b3,224,other,0.0000,0.00
pvt_v2_b3,224,head,0.0000,0.00
pvt_v2_b3,256,ffn_mlp,6.2076,70.85
pvt_v2_b3,256,attention_qkv,0.9862,11.26
pvt_v2_b3,256,attention_proj,0.6396,7.30
pvt_v2_b3,256,attention_other,0.5914,6.75
pvt_v2_b3,256,downsample,0.2655,3.03
pvt_v2_b3,256,patch_embed,0.0398,0.45
pvt_v2_b3,256,norm,0.0314,0.36
pvt_v2_b3,256,other,0.0000,0.00
pvt_v2_b3,256,head,0.0000,0.00
pvt_v2_b3,384,ffn_mlp,13.9670,70.85
pvt_v2_b3,384,attention_qkv,2.2189,11.26
pvt_v2_b3,384,attention_proj,1.4392,7.30
pvt_v2_b3,384,attention_other,1.3306,6.75
pvt_v2_b3,384,downsample,0.5973,3.03
pvt_v2_b3,384,patch_embed,0.0897,0.45
pvt_v2_b3,384,norm,0.0706,0.36
pvt_v2_b3,384,other,0.0000,0.00
pvt_v2_b3,384,head,0.0000,0.00
pvt_v2_b3,512,ffn_mlp,24.8303,70.85
pvt_v2_b3,512,attention_qkv,3.9447,11.26
pvt_v2_b3,512,attention_proj,2.5585,7.30
pvt_v2_b3,512,attention_other,2.3655,6.75
pvt_v2_b3,512,downsample,1.0619,3.03
pvt_v2_b3,512,patch_embed,0.1594,0.45
pvt_v2_b3,512,norm,0.1255,0.36
pvt_v2_b3,512,other,0.0000,0.00
pvt_v2_b3,512,head,0.0000,0.00
pvt_v2_b3,768,ffn_mlp,55.8681,70.85
pvt_v2_b3,768,attention_qkv,8.8757,11.26
pvt_v2_b3,768,attention_proj,5.7567,7.30
pvt_v2_b3,768,attention_other,5.3223,6.75
pvt_v2_b3,768,downsample,2.3892,3.03
pvt_v2_b3,768,patch_embed,0.3586,0.45
pvt_v2_b3,768,norm,0.2824,0.36
pvt_v2_b3,768,other,0.0000,0.00
pvt_v2_b3,768,head,0.0000,0.00
pvt_v2_b3,1024,ffn_mlp,99.3211,70.85
pvt_v2_b3,1024,attention_qkv,15.7790,11.26
pvt_v2_b3,1024,attention_proj,10.2341,7.30
pvt_v2_b3,1024,attention_other,9.4619,6.75
pvt_v2_b3,1024,downsample,4.2475,3.03
pvt_v2_b3,1024,patch_embed,0.6375,0.45
pvt_v2_b3,1024,norm,0.5020,0.36
pvt_v2_b3,1024,other,0.0000,0.00
pvt_v2_b3,1024,head,0.0000,0.00
pvt_v2_b5,64,ffn_mlp,0.6361,68.41
pvt_v2_b5,64,attention_qkv,0.1181,12.70
pvt_v2_b5,64,attention_proj,0.0781,8.40
pvt_v2_b5,64,attention_other,0.0752,8.09
pvt_v2_b5,64,downsample,0.0166,1.78
pvt_v2_b5,64,norm,0.0033,0.35
pvt_v2_b5,64,patch_embed,0.0025,0.27
pvt_v2_b5,64,other,0.0000,0.00
pvt_v2_b5,64,head,0.0000,0.00
pvt_v2_b5,96,ffn_mlp,1.4312,68.41
pvt_v2_b5,96,attention_qkv,0.2656,12.70
pvt_v2_b5,96,attention_proj,0.1758,8.40
pvt_v2_b5,96,attention_other,0.1693,8.09
pvt_v2_b5,96,downsample,0.0373,1.78
pvt_v2_b5,96,norm,0.0073,0.35
pvt_v2_b5,96,patch_embed,0.0056,0.27
pvt_v2_b5,96,other,0.0000,0.00
pvt_v2_b5,96,head,0.0000,0.00
pvt_v2_b5,128,ffn_mlp,2.5443,68.41
pvt_v2_b5,128,attention_qkv,0.4723,12.70
pvt_v2_b5,128,attention_proj,0.3125,8.40
pvt_v2_b5,128,attention_other,0.3010,8.09
pvt_v2_b5,128,downsample,0.0664,1.78
pvt_v2_b5,128,norm,0.0130,0.35
pvt_v2_b5,128,patch_embed,0.0100,0.27
pvt_v2_b5,128,other,0.0000,0.00
pvt_v2_b5,128,head,0.0000,0.00
pvt_v2_b5,160,ffn_mlp,3.9755,68.41
pvt_v2_b5,160,attention_qkv,0.7379,12.70
pvt_v2_b5,160,attention_proj,0.4882,8.40
pvt_v2_b5,160,attention_other,0.4703,8.09
pvt_v2_b5,160,downsample,0.1037,1.78
pvt_v2_b5,160,norm,0.0203,0.35
pvt_v2_b5,160,patch_embed,0.0156,0.27
pvt_v2_b5,160,other,0.0000,0.00
pvt_v2_b5,160,head,0.0000,0.00
pvt_v2_b5,224,ffn_mlp,7.7920,68.41
pvt_v2_b5,224,attention_qkv,1.4463,12.70
pvt_v2_b5,224,attention_proj,0.9570,8.40
pvt_v2_b5,224,attention_other,0.9218,8.09
pvt_v2_b5,224,downsample,0.2033,1.78
pvt_v2_b5,224,norm,0.0398,0.35
pvt_v2_b5,224,patch_embed,0.0305,0.27
pvt_v2_b5,224,other,0.0000,0.00
pvt_v2_b5,224,head,0.0000,0.00
pvt_v2_b5,256,ffn_mlp,10.1773,68.41
pvt_v2_b5,256,attention_qkv,1.8890,12.70
pvt_v2_b5,256,attention_proj,1.2499,8.40
pvt_v2_b5,256,attention_other,1.2040,8.09
pvt_v2_b5,256,downsample,0.2655,1.78
pvt_v2_b5,256,norm,0.0520,0.35
pvt_v2_b5,256,patch_embed,0.0398,0.27
pvt_v2_b5,256,other,0.0000,0.00
pvt_v2_b5,256,head,0.0000,0.00
pvt_v2_b5,384,ffn_mlp,22.8990,68.41
pvt_v2_b5,384,attention_qkv,4.2503,12.70
pvt_v2_b5,384,attention_proj,2.8123,8.40
pvt_v2_b5,384,attention_other,2.7089,8.09
pvt_v2_b5,384,downsample,0.5973,1.78
pvt_v2_b5,384,norm,0.1170,0.35
pvt_v2_b5,384,patch_embed,0.0897,0.27
pvt_v2_b5,384,other,0.0000,0.00
pvt_v2_b5,384,head,0.0000,0.00
pvt_v2_b5,512,ffn_mlp,40.7094,68.41
pvt_v2_b5,512,attention_qkv,7.5560,12.70
pvt_v2_b5,512,attention_proj,4.9996,8.40
pvt_v2_b5,512,attention_other,4.8159,8.09
pvt_v2_b5,512,downsample,1.0619,1.78
pvt_v2_b5,512,norm,0.2081,0.35
pvt_v2_b5,512,patch_embed,0.1594,0.27
pvt_v2_b5,512,other,0.0000,0.00
pvt_v2_b5,512,head,0.0000,0.00
pvt_v2_b5,768,ffn_mlp,91.5961,68.41
pvt_v2_b5,768,attention_qkv,17.0011,12.70
pvt_v2_b5,768,attention_proj,11.2491,8.40
pvt_v2_b5,768,attention_other,10.8358,8.09
pvt_v2_b5,768,downsample,2.3892,1.78
pvt_v2_b5,768,norm,0.4682,0.35
pvt_v2_b5,768,patch_embed,0.3586,0.27
pvt_v2_b5,768,other,0.0000,0.00
pvt_v2_b5,768,head,0.0000,0.00
pvt_v2_b5,1024,ffn_mlp,162.8376,68.41
pvt_v2_b5,1024,attention_qkv,30.2242,12.70
pvt_v2_b5,1024,attention_proj,19.9984,8.40
pvt_v2_b5,1024,attention_other,19.2636,8.09
pvt_v2_b5,1024,downsample,4.2475,1.78
pvt_v2_b5,1024,norm,0.8323,0.35
pvt_v2_b5,1024,patch_embed,0.6375,0.27
pvt_v2_b5,1024,other,0.0000,0.00
pvt_v2_b5,1024,head,0.0000,0.00
resnet50d,64,conv,0.3240,91.22
resnet50d,64,downsample,0.0296,8.34
resnet50d,64,norm,0.0016,0.44
resnet50d,64,other,0.0000,0.00
resnet50d,64,head,0.0000,0.00
resnet50d,96,conv,0.7289,91.22
resnet50d,96,downsample,0.0666,8.34
resnet50d,96,norm,0.0035,0.44
resnet50d,96,other,0.0000,0.00
resnet50d,96,head,0.0000,0.00
resnet50d,128,conv,1.2959,91.22
resnet50d,128,downsample,0.1184,8.34
resnet50d,128,norm,0.0063,0.44
resnet50d,128,other,0.0000,0.00
resnet50d,128,head,0.0000,0.00
resnet50d,160,conv,2.0249,91.22
resnet50d,160,downsample,0.1850,8.34
resnet50d,160,norm,0.0098,0.44
resnet50d,160,other,0.0001,0.00
resnet50d,160,head,0.0000,0.00
resnet50d,224,conv,3.9687,91.22
resnet50d,224,downsample,0.3627,8.34
resnet50d,224,norm,0.0192,0.44
resnet50d,224,other,0.0001,0.00
resnet50d,224,head,0.0000,0.00
resnet50d,256,conv,5.1836,91.22
resnet50d,256,downsample,0.4737,8.34
resnet50d,256,norm,0.0251,0.44
resnet50d,256,other,0.0001,0.00
resnet50d,256,head,0.0000,0.00
resnet50d,384,conv,11.6632,91.22
resnet50d,384,downsample,1.0658,8.34
resnet50d,384,norm,0.0565,0.44
resnet50d,384,other,0.0003,0.00
resnet50d,384,head,0.0000,0.00
resnet50d,512,conv,20.7345,91.22
resnet50d,512,downsample,1.8948,8.34
resnet50d,512,norm,0.1004,0.44
resnet50d,512,other,0.0005,0.00
resnet50d,512,head,0.0000,0.00
resnet50d,768,conv,46.6527,91.22
resnet50d,768,downsample,4.2632,8.34
resnet50d,768,norm,0.2259,0.44
resnet50d,768,other,0.0012,0.00
resnet50d,768,head,0.0000,0.00
resnet50d,1024,conv,82.9382,91.22
resnet50d,1024,downsample,7.5791,8.34
resnet50d,1024,norm,0.4016,0.44
resnet50d,1024,other,0.0021,0.00
resnet50d,1024,head,0.0000,0.00
resnet101d,64,conv,0.6270,95.14
resnet101d,64,downsample,0.0296,4.49
resnet101d,64,norm,0.0024,0.36
resnet101d,64,other,0.0000,0.00
resnet101d,64,head,0.0000,0.00
resnet101d,96,conv,1.4108,95.14
resnet101d,96,downsample,0.0666,4.49
resnet101d,96,norm,0.0054,0.36
resnet101d,96,other,0.0000,0.00
resnet101d,96,head,0.0000,0.00
resnet101d,128,conv,2.5081,95.14
resnet101d,128,downsample,0.1184,4.49
resnet101d,128,norm,0.0096,0.36
resnet101d,128,other,0.0000,0.00
resnet101d,128,head,0.0000,0.00
resnet101d,160,conv,3.9188,95.14
resnet101d,160,downsample,0.1850,4.49
resnet101d,160,norm,0.0150,0.36
resnet101d,160,other,0.0001,0.00
resnet101d,160,head,0.0000,0.00
resnet101d,224,conv,7.6809,95.14
resnet101d,224,downsample,0.3627,4.49
resnet101d,224,norm,0.0295,0.36
resnet101d,224,other,0.0001,0.00
resnet101d,224,head,0.0000,0.00
resnet101d,256,conv,10.0323,95.14
resnet101d,256,downsample,0.4737,4.49
resnet101d,256,norm,0.0385,0.36
resnet101d,256,other,0.0001,0.00
resnet101d,256,head,0.0000,0.00
resnet101d,384,conv,22.5726,95.14
resnet101d,384,downsample,1.0658,4.49
resnet101d,384,norm,0.0866,0.36
resnet101d,384,other,0.0003,0.00
resnet101d,384,head,0.0000,0.00
resnet101d,512,conv,40.1290,95.14
resnet101d,512,downsample,1.8948,4.49
resnet101d,512,norm,0.1539,0.36
resnet101d,512,other,0.0005,0.00
resnet101d,512,head,0.0000,0.00
resnet101d,768,conv,90.2903,95.14
resnet101d,768,downsample,4.2632,4.49
resnet101d,768,norm,0.3462,0.36
resnet101d,768,other,0.0012,0.00
resnet101d,768,head,0.0000,0.00
resnet101d,1024,conv,160.5160,95.14
resnet101d,1024,downsample,7.5791,4.49
resnet101d,1024,norm,0.6155,0.36
resnet101d,1024,other,0.0021,0.00
resnet101d,1024,head,0.0000,0.00
resnet200d,64,conv,1.2153,97.23
resnet200d,64,downsample,0.0296,2.37
resnet200d,64,norm,0.0050,0.40
resnet200d,64,other,0.0000,0.00
resnet200d,64,head,0.0000,0.00
resnet200d,96,conv,2.7344,97.23
resnet200d,96,downsample,0.0666,2.37
resnet200d,96,norm,0.0113,0.40
resnet200d,96,other,0.0000,0.00
resnet200d,96,head,0.0000,0.00
resnet200d,128,conv,4.8611,97.23
resnet200d,128,downsample,0.1184,2.37
resnet200d,128,norm,0.0200,0.40
resnet200d,128,other,0.0000,0.00
resnet200d,128,head,0.0000,0.00
resnet200d,160,conv,7.5954,97.23
resnet200d,160,downsample,0.1850,2.37
resnet200d,160,norm,0.0313,0.40
resnet200d,160,other,0.0001,0.00
resnet200d,160,head,0.0000,0.00
resnet200d,224,conv,14.8870,97.23
resnet200d,224,downsample,0.3627,2.37
resnet200d,224,norm,0.0614,0.40
resnet200d,224,other,0.0001,0.00
resnet200d,224,head,0.0000,0.00
resnet200d,256,conv,19.4443,97.23
resnet200d,256,downsample,0.4737,2.37
resnet200d,256,norm,0.0802,0.40
resnet200d,256,other,0.0001,0.00
resnet200d,256,head,0.0000,0.00
resnet200d,384,conv,43.7496,97.23
resnet200d,384,downsample,1.0658,2.37
resnet200d,384,norm,0.1803,0.40
resnet200d,384,other,0.0003,0.00
resnet200d,384,head,0.0000,0.00
resnet200d,512,conv,77.7771,97.23
resnet200d,512,downsample,1.8948,2.37
resnet200d,512,norm,0.3206,0.40
resnet200d,512,other,0.0005,0.00
resnet200d,512,head,0.0000,0.00
resnet200d,768,conv,174.9984,97.23
resnet200d,768,downsample,4.2632,2.37
resnet200d,768,norm,0.7214,0.40
resnet200d,768,other,0.0012,0.00
resnet200d,768,head,0.0000,0.00
resnet200d,1024,conv,311.1083,97.23
resnet200d,1024,downsample,7.5791,2.37
resnet200d,1024,norm,1.2824,0.40
resnet200d,1024,other,0.0021,0.00
resnet200d,1024,head,0.0000,0.00
mobilevitv2_200,64,conv,0.2833,62.80
mobilevitv2_200,64,ffn_mlp,0.0845,18.73
mobilevitv2_200,64,attention_other,0.0630,13.96
mobilevitv2_200,64,other,0.0152,3.37
mobilevitv2_200,64,patch_embed,0.0018,0.39
mobilevitv2_200,64,norm,0.0001,0.03
mobilevitv2_200,64,head,0.0000,0.00
mobilevitv2_200,96,conv,0.6412,60.42
mobilevitv2_200,96,ffn_mlp,0.2123,20.00
mobilevitv2_200,96,attention_other,0.1582,14.91
mobilevitv2_200,96,other,0.0379,3.57
mobilevitv2_200,96,patch_embed,0.0040,0.38
mobilevitv2_200,96,norm,0.0003,0.03
mobilevitv2_200,96,head,0.0000,0.00
mobilevitv2_200,128,conv,1.1333,62.80
mobilevitv2_200,128,ffn_mlp,0.3381,18.73
mobilevitv2_200,128,attention_other,0.2519,13.96
mobilevitv2_200,128,other,0.0608,3.37
mobilevitv2_200,128,patch_embed,0.0071,0.39
mobilevitv2_200,128,norm,0.0005,0.03
mobilevitv2_200,128,head,0.0000,0.00
mobilevitv2_200,160,conv,1.7767,61.43
mobilevitv2_200,160,ffn_mlp,0.5630,19.47
mobilevitv2_200,160,attention_other,0.4196,14.51
mobilevitv2_200,160,other,0.1008,3.48
mobilevitv2_200,160,patch_embed,0.0111,0.38
mobilevitv2_200,160,norm,0.0008,0.03
mobilevitv2_200,160,head,0.0000,0.00
mobilevitv2_200,224,conv,3.4789,61.84
mobilevitv2_200,224,ffn_mlp,1.0828,19.25
mobilevitv2_200,224,attention_other,0.8069,14.34
mobilevitv2_200,224,other,0.1941,3.45
mobilevitv2_200,224,patch_embed,0.0217,0.39
mobilevitv2_200,224,norm,0.0015,0.03
mobilevitv2_200,224,head,0.0001,0.00
mobilevitv2_200,256,conv,4.5334,62.80
mobilevitv2_200,256,ffn_mlp,1.3523,18.73
mobilevitv2_200,256,attention_other,1.0076,13.96
mobilevitv2_200,256,other,0.2433,3.37
mobilevitv2_200,256,patch_embed,0.0283,0.39
mobilevitv2_200,256,norm,0.0020,0.03
mobilevitv2_200,256,head,0.0001,0.00
mobilevitv2_200,384,conv,10.2000,62.80
mobilevitv2_200,384,ffn_mlp,3.0428,18.73
mobilevitv2_200,384,attention_other,2.2672,13.96
mobilevitv2_200,384,other,0.5474,3.37
mobilevitv2_200,384,patch_embed,0.0637,0.39
mobilevitv2_200,384,norm,0.0044,0.03
mobilevitv2_200,384,head,0.0001,0.00
mobilevitv2_200,512,conv,18.1334,62.80
mobilevitv2_200,512,ffn_mlp,5.4093,18.73
mobilevitv2_200,512,attention_other,4.0306,13.96
mobilevitv2_200,512,other,0.9731,3.37
mobilevitv2_200,512,patch_embed,0.1132,0.39
mobilevitv2_200,512,norm,0.0079,0.03
mobilevitv2_200,512,head,0.0003,0.00
mobilevitv2_200,768,conv,40.8002,62.80
mobilevitv2_200,768,ffn_mlp,12.1710,18.73
mobilevitv2_200,768,attention_other,9.0688,13.96
mobilevitv2_200,768,other,2.1894,3.37
mobilevitv2_200,768,patch_embed,0.2548,0.39
mobilevitv2_200,768,norm,0.0177,0.03
mobilevitv2_200,768,head,0.0006,0.00
mobilevitv2_200,1024,conv,72.5337,62.80
mobilevitv2_200,1024,ffn_mlp,21.6374,18.73
mobilevitv2_200,1024,attention_other,16.1224,13.96
mobilevitv2_200,1024,other,3.8923,3.37
mobilevitv2_200,1024,patch_embed,0.4530,0.39
mobilevitv2_200,1024,norm,0.0315,0.03
mobilevitv2_200,1024,head,0.0010,0.00
