model,resolution,params_M,gmacs,sum_by_module_pct,status
swin_tiny_patch4_window7_224,64,27.52,0.4261,96.0,ok
swin_tiny_patch4_window7_224,96,27.52,0.8614,96.7,ok
swin_tiny_patch4_window7_224,128,27.52,2.0476,95.9,ok
swin_tiny_patch4_window7_224,160,27.52,2.6886,96.4,ok
swin_tiny_patch4_window7_224,224,27.52,4.5084,96.9,ok
swin_tiny_patch4_window7_224,256,27.52,7.3690,96.4,ok
swin_tiny_patch4_window7_224,384,27.52,14.3537,96.7,ok
swin_tiny_patch4_window7_224,512,27.52,25.5999,96.6,ok
swin_tiny_patch4_window7_224,768,27.52,54.6476,96.8,ok
swin_tiny_patch4_window7_224,1024,27.52,98.7994,96.7,ok
swin_small_patch4_window7_224,64,48.84,0.7689,97.5,ok
swin_small_patch4_window7_224,96,48.84,1.6394,97.5,ok
swin_small_patch4_window7_224,128,48.84,4.4323,96.1,ok
swin_small_patch4_window7_224,160,48.84,5.5846,96.7,ok
swin_small_patch4_window7_224,224,48.84,8.7678,97.4,ok
swin_small_patch4_window7_224,256,48.84,14.3252,96.7,ok
swin_small_patch4_window7_224,384,48.84,28.4371,97.1,ok
swin_small_patch4_window7_224,512,48.84,49.3662,97.1,ok
swin_small_patch4_window7_224,768,48.84,105.4470,97.3,ok
swin_small_patch4_window7_224,1024,48.84,193.8646,97.2,ok
swin_base_patch4_window7_224,64,86.74,1.3568,98.1,ok
swin_base_patch4_window7_224,96,86.74,2.8931,98.1,ok
swin_base_patch4_window7_224,128,86.74,7.7965,97.0,ok
swin_base_patch4_window7_224,160,86.74,9.8366,97.5,ok
swin_base_patch4_window7_224,224,86.74,15.4668,98.0,ok
swin_base_patch4_window7_224,256,86.74,25.2352,97.5,ok
swin_base_patch4_window7_224,384,86.74,50.1301,97.8,ok
swin_base_patch4_window7_224,512,86.74,87.0361,97.8,ok
swin_base_patch4_window7_224,768,86.74,185.9841,98.0,ok
swin_base_patch4_window7_224,1024,86.74,341.8431,97.9,ok
deit3_small_patch16_224,64,21.67,0.3665,100.0,ok
deit3_small_patch16_224,96,21.67,0.7980,100.0,ok
deit3_small_patch16_224,128,21.67,1.4022,100.0,ok
deit3_small_patch16_224,160,21.67,2.1789,100.0,ok
deit3_small_patch16_224,224,21.67,4.2503,100.0,ok
deit3_small_patch16_224,256,21.67,5.5449,100.0,ok
deit3_small_patch16_224,384,21.67,12.4494,100.0,ok
deit3_small_patch16_224,512,21.67,22.1157,100.0,ok
deit3_small_patch16_224,768,21.67,49.7337,100.0,ok
deit3_small_patch16_224,1024,21.67,88.3989,100.0,ok
deit3_medium_patch16_224,64,38.34,0.6491,100.0,ok
deit3_medium_patch16_224,96,38.34,1.4132,100.0,ok
deit3_medium_patch16_224,128,38.34,2.4830,100.0,ok
deit3_medium_patch16_224,160,38.34,3.8584,100.0,ok
deit3_medium_patch16_224,224,38.34,7.5262,100.0,ok
deit3_medium_patch16_224,256,38.34,9.8185,100.0,ok
deit3_medium_patch16_224,384,38.34,22.0444,100.0,ok
deit3_medium_patch16_224,512,38.34,39.1607,100.0,ok
deit3_medium_patch16_224,768,38.34,88.0643,100.0,ok
deit3_medium_patch16_224,1024,38.34,156.5294,100.0,ok
deit3_base_patch16_224,64,85.82,1.4550,100.0,ok
deit3_base_patch16_224,96,85.82,3.1674,100.0,ok
deit3_base_patch16_224,128,85.82,5.5647,100.0,ok
deit3_base_patch16_224,160,85.82,8.6471,100.0,ok
deit3_base_patch16_224,224,85.82,16.8666,100.0,ok
deit3_base_patch16_224,256,85.82,22.0039,100.0,ok
deit3_base_patch16_224,384,85.82,49.4024,100.0,ok
deit3_base_patch16_224,512,85.82,87.7604,100.0,ok
deit3_base_patch16_224,768,85.82,197.3546,100.0,ok
deit3_base_patch16_224,1024,85.82,350.7865,100.0,ok
convnext_tiny,64,27.82,0.3649,100.0,ok
convnext_tiny,96,27.82,0.8210,100.0,ok
convnext_tiny,128,27.82,1.4595,100.0,ok
convnext_tiny,160,27.82,2.2804,100.0,ok
convnext_tiny,224,27.82,4.4697,100.0,ok
convnext_tiny,256,27.82,5.8379,100.0,ok
convnext_tiny,384,27.82,13.1353,100.0,ok
convnext_tiny,512,27.82,23.3517,100.0,ok
convnext_tiny,768,27.82,52.5414,100.0,ok
convnext_tiny,1024,27.82,93.4069,100.0,ok
convnext_small,64,49.45,0.7106,100.0,ok
convnext_small,96,49.45,1.5988,100.0,ok
convnext_small,128,49.45,2.8423,100.0,ok
convnext_small,160,49.45,4.4411,100.0,ok
convnext_small,224,49.45,8.7046,100.0,ok
convnext_small,256,49.45,11.3693,100.0,ok
convnext_small,384,49.45,25.5809,100.0,ok
convnext_small,512,49.45,45.4772,100.0,ok
convnext_small,768,49.45,102.3237,100.0,ok
convnext_small,1024,49.45,181.9088,100.0,ok
convnext_base,64,87.57,1.2557,100.0,ok
convnext_base,96,87.57,2.8254,100.0,ok
convnext_base,128,87.57,5.0229,100.0,ok
convnext_base,160,87.57,7.8483,100.0,ok
convnext_base,224,87.57,15.3826,100.0,ok
convnext_base,256,87.57,20.0916,100.0,ok
convnext_base,384,87.57,45.2060,100.0,ok
convnext_base,512,87.57,80.3663,100.0,ok
convnext_base,768,87.57,180.8241,100.0,ok
convnext_base,1024,87.57,321.4651,100.0,ok
pvt_v2_b2,64,24.85,0.3186,100.0,ok
pvt_v2_b2,96,24.85,0.7168,100.0,ok
pvt_v2_b2,128,24.85,1.2744,100.0,ok
pvt_v2_b2,160,24.85,1.9912,100.0,ok
pvt_v2_b2,224,24.85,3.9027,100.0,ok
pvt_v2_b2,256,24.85,5.0974,100.0,ok
pvt_v2_b2,384,24.85,11.4692,100.0,ok
pvt_v2_b2,512,24.85,20.3896,100.0,ok
pvt_v2_b2,768,24.85,45.8767,100.0,ok
pvt_v2_b2,1024,24.85,81.5586,100.0,ok
pvt_v2_b3,64,44.73,0.5476,100.0,ok
pvt_v2_b3,96,44.73,1.2321,100.0,ok
pvt_v2_b3,128,44.73,2.1904,100.0,ok
pvt_v2_b3,160,44.73,3.4224,100.0,ok
pvt_v2_b3,224,44.73,6.7080,100.0,ok
pvt_v2_b3,256,44.73,8.7614,100.0,ok
pvt_v2_b3,384,44.73,19.7133,100.0,ok
pvt_v2_b3,512,44.73,35.0458,100.0,ok
pvt_v2_b3,768,44.73,78.8530,100.0,ok
pvt_v2_b3,1024,44.73,140.1831,100.0,ok
pvt_v2_b5,64,81.44,0.9298,100.0,ok
pvt_v2_b5,96,81.44,2.0922,100.0,ok
pvt_v2_b5,128,81.44,3.7194,100.0,ok
pvt_v2_b5,160,81.44,5.8116,100.0,ok
pvt_v2_b5,224,81.44,11.3906,100.0,ok
pvt_v2_b5,256,81.44,14.8776,100.0,ok
pvt_v2_b5,384,81.44,33.4745,100.0,ok
pvt_v2_b5,512,81.44,59.5103,100.0,ok
pvt_v2_b5,768,81.44,133.8981,100.0,ok
pvt_v2_b5,1024,81.44,238.0411,100.0,ok
resnet50d,64,23.53,0.3552,100.0,ok
resnet50d,96,23.53,0.7991,100.0,ok
resnet50d,128,23.53,1.4206,100.0,ok
resnet50d,160,23.53,2.2198,100.0,ok
resnet50d,224,23.53,4.3507,100.0,ok
resnet50d,256,23.53,5.6826,100.0,ok
resnet50d,384,23.53,12.7858,100.0,ok
resnet50d,512,23.53,22.7302,100.0,ok
resnet50d,768,23.53,51.1430,100.0,ok
resnet50d,1024,23.53,90.9210,100.0,ok
resnet101d,64,42.52,0.6590,100.0,ok
resnet101d,96,42.52,1.4828,100.0,ok
resnet101d,128,42.52,2.6361,100.0,ok
resnet101d,160,42.52,4.1190,100.0,ok
resnet101d,224,42.52,8.0732,100.0,ok
resnet101d,256,42.52,10.5445,100.0,ok
resnet101d,384,42.52,23.7252,100.0,ok
resnet101d,512,42.52,42.1782,100.0,ok
resnet101d,768,42.52,94.9009,100.0,ok
resnet101d,1024,42.52,168.7127,100.0,ok
resnet200d,64,62.64,1.2499,100.0,ok
resnet200d,96,62.64,2.8123,100.0,ok
resnet200d,128,62.64,4.9996,100.0,ok
resnet200d,160,62.64,7.8118,100.0,ok
resnet200d,224,62.64,15.3112,100.0,ok
resnet200d,256,62.64,19.9982,100.0,ok
resnet200d,384,62.64,44.9961,100.0,ok
resnet200d,512,62.64,79.9930,100.0,ok
resnet200d,768,62.64,179.9842,100.0,ok
resnet200d,1024,62.64,319.9719,100.0,ok
mobilevitv2_200,64,17.42,0.4511,99.3,ok
mobilevitv2_200,96,17.42,1.0612,99.3,ok
mobilevitv2_200,128,17.42,1.8046,99.3,ok
mobilevitv2_200,160,17.42,2.8922,99.3,ok
mobilevitv2_200,224,17.42,5.6256,99.3,ok
mobilevitv2_200,256,17.42,7.2183,99.3,ok
mobilevitv2_200,384,17.42,16.2411,99.3,ok
mobilevitv2_200,512,17.42,28.8731,99.3,ok
mobilevitv2_200,768,17.42,64.9644,99.3,ok
mobilevitv2_200,1024,17.42,115.4923,99.3,ok
